{
  "type": "external",
  "name": "open-flash-chart",
  "version": "4.1.8",
  "revision": "9747",
  "path": "externals\/open-flash-chart",
  "repository": null,
  "date": "Mon, 22 Jun 2015 17:06:09 +0000",
  "title": "Open Flash Chart Client",
  "description": null,
  "thumb": null,
  "developer": null,
  "authors": [
    "Webligo Developments"
  ],
  "changeLog": {
    "4.1.8": {
      "manifest.php": "Incremented version; changed name to not confused with back-end library"
    }
  },
  "meta": {
    "date": "Mon, 22 Jun 2015 17:06:09 +0000",
    "title": "Open Flash Chart Client",
    "description": null,
    "developer": null,
    "authors": [
      "Webligo Developments"
    ],
    "changeLog": null
  },
  "actions": [
    
  ],
  "callback": null,
  "dependencies": null,
  "tests": [
    
  ],
  "permissions": [
    
  ],
  "structure": {
    "externals\/open-flash-chart": {
      "type": "directory",
      "path": "externals\/open-flash-chart",
      "structure": [
        {
          "path": "manifest.php",
          "dir": false,
          "file": true,
          "perms": "0664",
          "size": 579,
          "sha1": "f88728a4301bc04dac0e24abe8ee5aa14fb1a61e"
        },
        {
          "path": "open-flash-chart.swf",
          "dir": false,
          "file": true,
          "perms": "0664",
          "size": 276186,
          "sha1": "913df5bf76d33f565c934c6f8eb998936539dfd5"
        },
        {
          "path": "js-ofc-library",
          "dir": true,
          "file": false,
          "perms": "0775",
          "size": 4096,
          "sha1": null
        },
        {
          "path": "js-ofc-library\/ofc.js",
          "dir": false,
          "file": true,
          "perms": "0664",
          "size": 878,
          "sha1": "c350e861e3ec1f2344970249a6731a01517d8e44"
        },
        {
          "path": "js-ofc-library\/open_flash_chart.min.js",
          "dir": false,
          "file": true,
          "perms": "0664",
          "size": 3862,
          "sha1": "e1c758d59b4bc670951c4f5907e08f55f76ae120"
        },
        {
          "path": "js-ofc-library\/open_flash_chart.js",
          "dir": false,
          "file": true,
          "perms": "0664",
          "size": 5338,
          "sha1": "a7d5a34ef47975f14a61221fa4b93bd1608781ca"
        },
        {
          "path": "js",
          "dir": true,
          "file": false,
          "perms": "0775",
          "size": 4096,
          "sha1": null
        },
        {
          "path": "js\/README.txt",
          "dir": false,
          "file": true,
          "perms": "0664",
          "size": 370,
          "sha1": "d6a532a4279aea45d1159912a48a39d74746f25e"
        },
        {
          "path": "js\/json",
          "dir": true,
          "file": false,
          "perms": "0775",
          "size": 4096,
          "sha1": null
        },
        {
          "path": "js\/json\/json2.js",
          "dir": false,
          "file": true,
          "perms": "0664",
          "size": 16927,
          "sha1": "13795397cef186eec27d7dfad1720dc907983240"
        },
        {
          "path": "js\/swfobject.js",
          "dir": false,
          "file": true,
          "perms": "0664",
          "size": 9759,
          "sha1": "66851ab2133e27b97c4f3048416b947aa7ed82c5"
        },
        {
          "path": "license",
          "dir": false,
          "file": true,
          "perms": "0664",
          "size": 111,
          "sha1": "20c4b7efeb6880315c43fafd6c1ade3909cde5b4"
        }
      ]
    }
  }
}