{
  "type": "external",
  "name": "tinymce",
  "version": "4.8.5",
  "revision": "10267",
  "path": "externals\/tinymce",
  "repository": null,
  "date": "Mon, 22 Jun 2015 17:06:09 +0000",
  "title": "TinyMCE",
  "description": null,
  "thumb": null,
  "developer": null,
  "authors": [
    "Webligo Developments"
  ],
  "changeLog": {
    "4.8.5": {
      "plugins\/jbimages\/dialog-v4.htm": "Removed text in justboil.me popup",
      "manifest.php": "Incremented version"
    },
    "4.8.0": {
      "*": "Upgraded to the latest version",
      "manifest.php": "Incremented version"
    },
    "4.7.0": {
      "*": "Upgraded to the latest version",
      "manifest.php": "Incremented version"
    },
    "4.3.0": {
      "manifest.php": "Incremented version",
      "themes\/advanced\/skins\/default\/ui.css": "Adjusted styles"
    },
    "4.2.2": {
      "manifest.php": "Incremented version",
      "themes\/advanced\/upload.htm": "Upgraded mootools"
    },
    "4.1.8": {
      "manifest.php": "Incremented version",
      "plugins\/media\/langs\/en_dlg.js": "Added to fix issues with copy\/paste",
      "plugins\/paste\/editor_plugin.js": "Added to fix issues with copy\/paste",
      "plugins\/paste\/editor_plugin_src.js": "Added to fix issues with copy\/paste"
    },
    "4.1.7": {
      "*": "Upgraded from version 3.4.2 to 3.4.3.2 to fix issues with copy and paste, see tinymce's site for details"
    },
    "4.1.5": {
      "*": "Upgraded from version 3.3.8 to 3.4.2 to fix issues with IE9, see tinymce's site for details"
    },
    "4.1.4": {
      "manifest.php": "Incremented version",
      "plugins\/bbcode\/editor_plugin.js": "Fixed linebreaks with BBCode",
      "plugins\/bbcode\/editor_plugin_src.js": "Fixed linebreaks with BBCode",
      "themes\/advanced\/image.htm": "Support for uploading image",
      "themes\/advanced\/upload.htm": "Support for uploading image",
      "themes\/advanced\/js\/image.js": "Support for uploading image",
      "themes\/advanced\/skins\/default\/content.css": "Fixed the way paragraphs are displayed"
    },
    "4.0.2": {
      "*": "Added language packs"
    },
    "4.0.1": {
      "*": "Upgraded from version 3.2.4.1 to 3.3.8; See tinymce's site for details"
    }
  },
  "meta": {
    "date": "Mon, 22 Jun 2015 17:06:09 +0000",
    "title": "TinyMCE",
    "description": null,
    "developer": null,
    "authors": [
      "Webligo Developments"
    ],
    "changeLog": null
  },
  "actions": [
    
  ],
  "callback": null,
  "dependencies": null,
  "tests": [
    
  ],
  "permissions": [
    
  ],
  "structure": {
    "externals\/tinymce": {
      "type": "directory",
      "path": "externals\/tinymce",
      "structure": [
        {
          "path": "manifest.php",
          "dir": false,
          "file": true,
          "perms": "0664",
          "size": 2501,
          "sha1": "339dc2a4498c72161fe835ec717987ff6f2eadd1"
        },
        {
          "path": "tinymce.min.js",
          "dir": false,
          "file": true,
          "perms": "0664",
          "size": 274852,
          "sha1": "de19b7ab00479c2af38be98dea53242381a0e2a5"
        },
        {
          "path": "skins",
          "dir": true,
          "file": false,
          "perms": "0775",
          "size": 4096,
          "sha1": null
        },
        {
          "path": "skins\/lightgray",
          "dir": true,
          "file": false,
          "perms": "0775",
          "size": 4096,
          "sha1": null
        },
        {
          "path": "skins\/lightgray\/content.inline.min.css",
          "dir": false,
          "file": true,
          "perms": "0664",
          "size": 971,
          "sha1": "2034dcf965905e5eb4e354cc214a1772deee7212"
        },
        {
          "path": "skins\/lightgray\/content.min.css",
          "dir": false,
          "file": true,
          "perms": "0664",
          "size": 1375,
          "sha1": "b935960ebc29abf082b6b203880598c8bda61645"
        },
        {
          "path": "skins\/lightgray\/fonts",
          "dir": true,
          "file": false,
          "perms": "0775",
          "size": 4096,
          "sha1": null
        },
        {
          "path": "skins\/lightgray\/fonts\/readme.md",
          "dir": false,
          "file": true,
          "perms": "0664",
          "size": 67,
          "sha1": "c66000754fe1fb2b15dfae92eae9058c4286556b"
        },
        {
          "path": "skins\/lightgray\/fonts\/icomoon.eot",
          "dir": false,
          "file": true,
          "perms": "0664",
          "size": 8268,
          "sha1": "8e19325f913ca4207a7e51789d22d4b4e02c745e"
        },
        {
          "path": "skins\/lightgray\/fonts\/icomoon-small.eot",
          "dir": false,
          "file": true,
          "perms": "0664",
          "size": 8344,
          "sha1": "09659760f450fae501d17ba989c10938fe830b5e"
        },
        {
          "path": "skins\/lightgray\/fonts\/icomoon.ttf",
          "dir": false,
          "file": true,
          "perms": "0664",
          "size": 8104,
          "sha1": "842165831e7189d58de2370215e5d4ef67728cc5"
        },
        {
          "path": "skins\/lightgray\/fonts\/icomoon-small.svg",
          "dir": false,
          "file": true,
          "perms": "0664",
          "size": 25886,
          "sha1": "94e2114f79a81f5f0d49cc6b9d0865a047070b9b"
        },
        {
          "path": "skins\/lightgray\/fonts\/icomoon.woff",
          "dir": false,
          "file": true,
          "perms": "0664",
          "size": 8400,
          "sha1": "48d91b69db0db61a5c6e371f2086f0a1bc881447"
        },
        {
          "path": "skins\/lightgray\/fonts\/icomoon.svg",
          "dir": false,
          "file": true,
          "perms": "0664",
          "size": 26077,
          "sha1": "27fd8ecfd22a0e02b1b36b633e6bf20b6712256d"
        },
        {
          "path": "skins\/lightgray\/fonts\/icomoon-small.woff",
          "dir": false,
          "file": true,
          "perms": "0664",
          "size": 8336,
          "sha1": "42ca7f45d413249421fcb3d71ff791be5114c9ac"
        },
        {
          "path": "skins\/lightgray\/fonts\/icomoon-small.ttf",
          "dir": false,
          "file": true,
          "perms": "0664",
          "size": 8160,
          "sha1": "dc1a0e6e10fed51b4c00ae787136d61d46ef90c4"
        },
        {
          "path": "skins\/lightgray\/skin.min.css",
          "dir": false,
          "file": true,
          "perms": "0664",
          "size": 32305,
          "sha1": "5f189cd050292e06661599cf8f86d5ee8bf88870"
        },
        {
          "path": "skins\/lightgray\/skin.ie7.min.css",
          "dir": false,
          "file": true,
          "perms": "0664",
          "size": 32073,
          "sha1": "8283b39fe00aa0dcdcee6bc117e2d95687163a9a"
        },
        {
          "path": "skins\/lightgray\/img",
          "dir": true,
          "file": false,
          "perms": "0775",
          "size": 4096,
          "sha1": null
        },
        {
          "path": "skins\/lightgray\/img\/loader.gif",
          "dir": false,
          "file": true,
          "perms": "0664",
          "size": 2608,
          "sha1": "5640ea4d0eba1c390f587ec69463c9a5196b7fa2"
        },
        {
          "path": "skins\/lightgray\/img\/object.gif",
          "dir": false,
          "file": true,
          "perms": "0664",
          "size": 152,
          "sha1": "b523c9f648e2ae1c4ba7bde7739203bc6997755f"
        },
        {
          "path": "skins\/lightgray\/img\/wline.gif",
          "dir": false,
          "file": true,
          "perms": "0664",
          "size": 46,
          "sha1": "723a54f0b389bd40a9b386c84e73f5f6a9e49060"
        },
        {
          "path": "skins\/lightgray\/img\/anchor.gif",
          "dir": false,
          "file": true,
          "perms": "0664",
          "size": 53,
          "sha1": "94f8e44b364eb00e6f691f92dc069fd64b17fc61"
        },
        {
          "path": "skins\/lightgray\/img\/trans.gif",
          "dir": false,
          "file": true,
          "perms": "0664",
          "size": 43,
          "sha1": "67a69b5842050a142e050eb3b08a59e03e7fa71b"
        },
        {
          "path": "plugins",
          "dir": true,
          "file": false,
          "perms": "0775",
          "size": 4096,
          "sha1": null
        },
        {
          "path": "plugins\/legacyoutput",
          "dir": true,
          "file": false,
          "perms": "0775",
          "size": 4096,
          "sha1": null
        },
        {
          "path": "plugins\/legacyoutput\/plugin.min.js",
          "dir": false,
          "file": true,
          "perms": "0664",
          "size": 1479,
          "sha1": "900a155d9fcc38c48c9d8b4d248730ddda158d6e"
        },
        {
          "path": "plugins\/example_dependency",
          "dir": true,
          "file": false,
          "perms": "0775",
          "size": 4096,
          "sha1": null
        },
        {
          "path": "plugins\/example_dependency\/plugin.min.js",
          "dir": false,
          "file": true,
          "perms": "0664",
          "size": 73,
          "sha1": "542cfcc2e403635375337eb796866f4f215cb3f7"
        },
        {
          "path": "plugins\/paste",
          "dir": true,
          "file": false,
          "perms": "0775",
          "size": 4096,
          "sha1": null
        },
        {
          "path": "plugins\/paste\/plugin.min.js",
          "dir": false,
          "file": true,
          "perms": "0664",
          "size": 9715,
          "sha1": "8994741f380cd7cf045aaf2698ef72755de22f3d"
        },
        {
          "path": "plugins\/fullpage",
          "dir": true,
          "file": false,
          "perms": "0775",
          "size": 4096,
          "sha1": null
        },
        {
          "path": "plugins\/fullpage\/plugin.min.js",
          "dir": false,
          "file": true,
          "perms": "0664",
          "size": 5659,
          "sha1": "a9c2e9708b700c263e7d4683901356a9101c91ad"
        },
        {
          "path": "plugins\/save",
          "dir": true,
          "file": false,
          "perms": "0775",
          "size": 4096,
          "sha1": null
        },
        {
          "path": "plugins\/save\/plugin.min.js",
          "dir": false,
          "file": true,
          "perms": "0664",
          "size": 1186,
          "sha1": "fe897b8c2e870fbe6bb7527889de7a44c30eecb8"
        },
        {
          "path": "plugins\/layer",
          "dir": true,
          "file": false,
          "perms": "0775",
          "size": 4096,
          "sha1": null
        },
        {
          "path": "plugins\/layer\/plugin.min.js",
          "dir": false,
          "file": true,
          "perms": "0664",
          "size": 2857,
          "sha1": "e8680c17aea7609a1cafe331b70c1c85bb16655a"
        },
        {
          "path": "plugins\/jbimages",
          "dir": true,
          "file": false,
          "perms": "0775",
          "size": 4096,
          "sha1": null
        },
        {
          "path": "plugins\/jbimages\/readme",
          "dir": false,
          "file": true,
          "perms": "0664",
          "size": 148,
          "sha1": "79218cc6cb587428d47027bdb7418956bf835a08"
        },
        {
          "path": "plugins\/jbimages\/dialog-v4.htm",
          "dir": false,
          "file": true,
          "perms": "0664",
          "size": 1052,
          "sha1": "8f8734e8bfe9bcb9f3d9e18f684093d6b5dc5c43"
        },
        {
          "path": "plugins\/jbimages\/js",
          "dir": true,
          "file": false,
          "perms": "0775",
          "size": 4096,
          "sha1": null
        },
        {
          "path": "plugins\/jbimages\/js\/dialog-v4.js",
          "dir": false,
          "file": true,
          "perms": "0664",
          "size": 2884,
          "sha1": "b10566b932bcb72fa14836133fc611e4083dc69a"
        },
        {
          "path": "plugins\/jbimages\/plugin.js",
          "dir": false,
          "file": true,
          "perms": "0664",
          "size": 1041,
          "sha1": "0ff00f9e822109c9e82f57f2f23f7e85959b0cf3"
        },
        {
          "path": "plugins\/jbimages\/plugin.min.js",
          "dir": false,
          "file": true,
          "perms": "0664",
          "size": 510,
          "sha1": "d2de2fa0be476dfadb571286cec77da10ac378b1"
        },
        {
          "path": "plugins\/jbimages\/langs",
          "dir": true,
          "file": false,
          "perms": "0775",
          "size": 4096,
          "sha1": null
        },
        {
          "path": "plugins\/jbimages\/langs\/en_dlg.js",
          "dir": false,
          "file": true,
          "perms": "0664",
          "size": 844,
          "sha1": "b83ed3e3fa9833ee094669263193d84aff7789fd"
        },
        {
          "path": "plugins\/jbimages\/langs\/fr.js",
          "dir": false,
          "file": true,
          "perms": "0664",
          "size": 405,
          "sha1": "49ffd04736bd2b823df4ff137c6fffb715590e65"
        },
        {
          "path": "plugins\/jbimages\/langs\/fr_dlg.js",
          "dir": false,
          "file": true,
          "perms": "0664",
          "size": 919,
          "sha1": "949959a95cdd8ad02d2751ffc5ac5d8f0887666b"
        },
        {
          "path": "plugins\/jbimages\/langs\/ru.js",
          "dir": false,
          "file": true,
          "perms": "0664",
          "size": 518,
          "sha1": "8bad3b1541e665fafc2bbc6c23a8fe0bc6fda494"
        },
        {
          "path": "plugins\/jbimages\/langs\/ru_dlg.js",
          "dir": false,
          "file": true,
          "perms": "0664",
          "size": 1729,
          "sha1": "2b0048afbadec6727e192f824e1c652bdd9d270a"
        },
        {
          "path": "plugins\/jbimages\/langs\/en.js",
          "dir": false,
          "file": true,
          "perms": "0664",
          "size": 392,
          "sha1": "11546c2cfbcae2ce525b841830d0b1a2020550be"
        },
        {
          "path": "plugins\/jbimages\/img",
          "dir": true,
          "file": false,
          "perms": "0775",
          "size": 4096,
          "sha1": null
        },
        {
          "path": "plugins\/jbimages\/img\/spinner.gif",
          "dir": false,
          "file": true,
          "perms": "0664",
          "size": 1737,
          "sha1": "de22d9c8f0b04f3a1a0935d7e70041d4e5750e61"
        },
        {
          "path": "plugins\/jbimages\/img\/jbimages-bw.gif",
          "dir": false,
          "file": true,
          "perms": "0664",
          "size": 230,
          "sha1": "b9972a025171def502ad5257c2887f81628ee647"
        },
        {
          "path": "plugins\/jbimages\/css",
          "dir": true,
          "file": false,
          "perms": "0775",
          "size": 4096,
          "sha1": null
        },
        {
          "path": "plugins\/jbimages\/css\/dialog-v4.css",
          "dir": false,
          "file": true,
          "perms": "0664",
          "size": 1293,
          "sha1": "ca236735a6b34a59eeca6317c5e248a7e65a884e"
        },
        {
          "path": "plugins\/spellchecker",
          "dir": true,
          "file": false,
          "perms": "0775",
          "size": 4096,
          "sha1": null
        },
        {
          "path": "plugins\/spellchecker\/plugin.min.js",
          "dir": false,
          "file": true,
          "perms": "0664",
          "size": 6689,
          "sha1": "7dd6adcfe3df13b55d84636b8bce16f2e50ec094"
        },
        {
          "path": "plugins\/advlist",
          "dir": true,
          "file": false,
          "perms": "0775",
          "size": 4096,
          "sha1": null
        },
        {
          "path": "plugins\/advlist\/plugin.min.js",
          "dir": false,
          "file": true,
          "perms": "0664",
          "size": 1260,
          "sha1": "ffa897cc482b2d7efdd7a68b3eed6aa3eac1e3d2"
        },
        {
          "path": "plugins\/link",
          "dir": true,
          "file": false,
          "perms": "0775",
          "size": 4096,
          "sha1": null
        },
        {
          "path": "plugins\/link\/plugin.min.js",
          "dir": false,
          "file": true,
          "perms": "0664",
          "size": 3433,
          "sha1": "49964ae1722165a7c9c2aecad11f8da14aa485ea"
        },
        {
          "path": "plugins\/searchreplace",
          "dir": true,
          "file": false,
          "perms": "0775",
          "size": 4096,
          "sha1": null
        },
        {
          "path": "plugins\/searchreplace\/plugin.min.js",
          "dir": false,
          "file": true,
          "perms": "0664",
          "size": 6319,
          "sha1": "4755fa42d69083ab5b5207e0be0e2ad553c99b07"
        },
        {
          "path": "plugins\/bbcode",
          "dir": true,
          "file": false,
          "perms": "0775",
          "size": 4096,
          "sha1": null
        },
        {
          "path": "plugins\/bbcode\/plugin.min.js",
          "dir": false,
          "file": true,
          "perms": "0664",
          "size": 3146,
          "sha1": "44d7c0563fe2743fa89ffbbca3bd917293e6bdc1"
        },
        {
          "path": "plugins\/image",
          "dir": true,
          "file": false,
          "perms": "0775",
          "size": 4096,
          "sha1": null
        },
        {
          "path": "plugins\/image\/plugin.min.js",
          "dir": false,
          "file": true,
          "perms": "0664",
          "size": 4082,
          "sha1": "d41f5648158de21a6081eaacc81f8b4e38d1f64a"
        },
        {
          "path": "plugins\/noneditable",
          "dir": true,
          "file": false,
          "perms": "0775",
          "size": 4096,
          "sha1": null
        },
        {
          "path": "plugins\/noneditable\/plugin.min.js",
          "dir": false,
          "file": true,
          "perms": "0664",
          "size": 4667,
          "sha1": "e3e01f1b453ef9be9375c8c381057eaa4c1c0f61"
        },
        {
          "path": "plugins\/visualblocks",
          "dir": true,
          "file": false,
          "perms": "0775",
          "size": 4096,
          "sha1": null
        },
        {
          "path": "plugins\/visualblocks\/plugin.min.js",
          "dir": false,
          "file": true,
          "perms": "0664",
          "size": 1153,
          "sha1": "d4225b3f511aea52726e32c65e2ce08d6964b326"
        },
        {
          "path": "plugins\/visualblocks\/css",
          "dir": true,
          "file": false,
          "perms": "0775",
          "size": 4096,
          "sha1": null
        },
        {
          "path": "plugins\/visualblocks\/css\/visualblocks.css",
          "dir": false,
          "file": true,
          "perms": "0664",
          "size": 4824,
          "sha1": "c8fc22adcda44151e2c12a261079e527dabb3306"
        },
        {
          "path": "plugins\/hr",
          "dir": true,
          "file": false,
          "perms": "0775",
          "size": 4096,
          "sha1": null
        },
        {
          "path": "plugins\/hr\/plugin.min.js",
          "dir": false,
          "file": true,
          "perms": "0664",
          "size": 322,
          "sha1": "39390bc1204a317d48ae19e34894e315d037c810"
        },
        {
          "path": "plugins\/directionality",
          "dir": true,
          "file": false,
          "perms": "0775",
          "size": 4096,
          "sha1": null
        },
        {
          "path": "plugins\/directionality\/plugin.min.js",
          "dir": false,
          "file": true,
          "perms": "0664",
          "size": 726,
          "sha1": "49233aa10f327d2b84d3cc336511413bc1b9b151"
        },
        {
          "path": "plugins\/media",
          "dir": true,
          "file": false,
          "perms": "0775",
          "size": 4096,
          "sha1": null
        },
        {
          "path": "plugins\/media\/plugin.min.js",
          "dir": false,
          "file": true,
          "perms": "0664",
          "size": 7988,
          "sha1": "f321cdce47bce615e766d6e96a21930fa4a2460d"
        },
        {
          "path": "plugins\/media\/moxieplayer.swf",
          "dir": false,
          "file": true,
          "perms": "0664",
          "size": 20017,
          "sha1": "eef17de9e7102ef80a5da457344694fc70cc1428"
        },
        {
          "path": "plugins\/pagebreak",
          "dir": true,
          "file": false,
          "perms": "0775",
          "size": 4096,
          "sha1": null
        },
        {
          "path": "plugins\/pagebreak\/plugin.min.js",
          "dir": false,
          "file": true,
          "perms": "0664",
          "size": 1026,
          "sha1": "cb9234b7485e7601395bb30494d84caecbae2ce6"
        },
        {
          "path": "plugins\/textcolor",
          "dir": true,
          "file": false,
          "perms": "0775",
          "size": 4096,
          "sha1": null
        },
        {
          "path": "plugins\/textcolor\/plugin.min.js",
          "dir": false,
          "file": true,
          "perms": "0664",
          "size": 1987,
          "sha1": "8b9ce48cb18e51b32170dae9f999770eeb435f65"
        },
        {
          "path": "plugins\/wordcount",
          "dir": true,
          "file": false,
          "perms": "0775",
          "size": 4096,
          "sha1": null
        },
        {
          "path": "plugins\/wordcount\/plugin.min.js",
          "dir": false,
          "file": true,
          "perms": "0664",
          "size": 899,
          "sha1": "918768312bc1ae63aa372c77964b956f2219ddef"
        },
        {
          "path": "plugins\/table",
          "dir": true,
          "file": false,
          "perms": "0775",
          "size": 4096,
          "sha1": null
        },
        {
          "path": "plugins\/table\/plugin.min.js",
          "dir": false,
          "file": true,
          "perms": "0664",
          "size": 22336,
          "sha1": "a3fedf166732960f38ed1beb4dec6d4fc2763e3f"
        },
        {
          "path": "plugins\/contextmenu",
          "dir": true,
          "file": false,
          "perms": "0775",
          "size": 4096,
          "sha1": null
        },
        {
          "path": "plugins\/contextmenu\/plugin.min.js",
          "dir": false,
          "file": true,
          "perms": "0664",
          "size": 686,
          "sha1": "ba1a3af81dd7828b1376ada4bf428c816b0a2211"
        },
        {
          "path": "plugins\/fullscreen",
          "dir": true,
          "file": false,
          "perms": "0775",
          "size": 4096,
          "sha1": null
        },
        {
          "path": "plugins\/fullscreen\/plugin.min.js",
          "dir": false,
          "file": true,
          "perms": "0664",
          "size": 1458,
          "sha1": "16faed6f077c079603a97e254c4cf8fbc16f7542"
        },
        {
          "path": "plugins\/autoresize",
          "dir": true,
          "file": false,
          "perms": "0775",
          "size": 4096,
          "sha1": null
        },
        {
          "path": "plugins\/autoresize\/plugin.min.js",
          "dir": false,
          "file": true,
          "perms": "0664",
          "size": 1123,
          "sha1": "533c13b40eead898d6fe2352407d7a5eb5441793"
        },
        {
          "path": "plugins\/insertdatetime",
          "dir": true,
          "file": false,
          "perms": "0775",
          "size": 4096,
          "sha1": null
        },
        {
          "path": "plugins\/insertdatetime\/plugin.min.js",
          "dir": false,
          "file": true,
          "perms": "0664",
          "size": 1972,
          "sha1": "2f46c89ecaf36fa79adcd19c7d7869f218af9804"
        },
        {
          "path": "plugins\/visualchars",
          "dir": true,
          "file": false,
          "perms": "0775",
          "size": 4096,
          "sha1": null
        },
        {
          "path": "plugins\/visualchars\/plugin.min.js",
          "dir": false,
          "file": true,
          "perms": "0664",
          "size": 1055,
          "sha1": "399770c53319164e719b29b7135721ab5fd8205f"
        },
        {
          "path": "plugins\/code",
          "dir": true,
          "file": false,
          "perms": "0775",
          "size": 4096,
          "sha1": null
        },
        {
          "path": "plugins\/code\/plugin.min.js",
          "dir": false,
          "file": true,
          "perms": "0664",
          "size": 656,
          "sha1": "4918a7aa0d89f2575040278d59ba5c96bf46e141"
        },
        {
          "path": "plugins\/lists",
          "dir": true,
          "file": false,
          "perms": "0775",
          "size": 4096,
          "sha1": null
        },
        {
          "path": "plugins\/lists\/plugin.min.js",
          "dir": false,
          "file": true,
          "perms": "0664",
          "size": 6406,
          "sha1": "df1f03d7696c5b1ec9e80f59d495528cc560dc5f"
        },
        {
          "path": "plugins\/emoticons",
          "dir": true,
          "file": false,
          "perms": "0775",
          "size": 4096,
          "sha1": null
        },
        {
          "path": "plugins\/emoticons\/plugin.min.js",
          "dir": false,
          "file": true,
          "perms": "0664",
          "size": 783,
          "sha1": "60c7e0b2c68fd8f239f703f66c7f696ca1e8a66a"
        },
        {
          "path": "plugins\/emoticons\/img",
          "dir": true,
          "file": false,
          "perms": "0775",
          "size": 4096,
          "sha1": null
        },
        {
          "path": "plugins\/emoticons\/img\/smiley-cry.gif",
          "dir": false,
          "file": true,
          "perms": "0664",
          "size": 329,
          "sha1": "e49d26bb2132650fd44438131e94756129161ac7"
        },
        {
          "path": "plugins\/emoticons\/img\/smiley-money-mouth.gif",
          "dir": false,
          "file": true,
          "perms": "0664",
          "size": 321,
          "sha1": "aa6d158a4e1767d3b981c95bae20bf9d2d623c8b"
        },
        {
          "path": "plugins\/emoticons\/img\/smiley-innocent.gif",
          "dir": false,
          "file": true,
          "perms": "0664",
          "size": 336,
          "sha1": "bfd4d17c9fb8fe0b5e2103df9e8981c3888c4c1a"
        },
        {
          "path": "plugins\/emoticons\/img\/smiley-sealed.gif",
          "dir": false,
          "file": true,
          "perms": "0664",
          "size": 323,
          "sha1": "f69b3b5b1e1e2eae12a7e40d2e883b3271074302"
        },
        {
          "path": "plugins\/emoticons\/img\/smiley-yell.gif",
          "dir": false,
          "file": true,
          "perms": "0664",
          "size": 336,
          "sha1": "7ac8d3481c307185a103e73ee59dda2654717c01"
        },
        {
          "path": "plugins\/emoticons\/img\/smiley-undecided.gif",
          "dir": false,
          "file": true,
          "perms": "0664",
          "size": 337,
          "sha1": "db75f18c34a24ddc39850fa8cdb515241353a4bd"
        },
        {
          "path": "plugins\/emoticons\/img\/smiley-wink.gif",
          "dir": false,
          "file": true,
          "perms": "0664",
          "size": 350,
          "sha1": "127d363345a2f9734d7d103e9b32897729794420"
        },
        {
          "path": "plugins\/emoticons\/img\/smiley-foot-in-mouth.gif",
          "dir": false,
          "file": true,
          "perms": "0664",
          "size": 342,
          "sha1": "9fab159b0e7f25cda8a95b54f2cf8e7ec2af1841"
        },
        {
          "path": "plugins\/emoticons\/img\/smiley-tongue-out.gif",
          "dir": false,
          "file": true,
          "perms": "0664",
          "size": 328,
          "sha1": "2f7c418bd798060ec211349f7b89a88a5f20c2f1"
        },
        {
          "path": "plugins\/emoticons\/img\/smiley-surprised.gif",
          "dir": false,
          "file": true,
          "perms": "0664",
          "size": 338,
          "sha1": "4cb67dcbd32bb939e6f97b3f7fa3318c4c35fd3e"
        },
        {
          "path": "plugins\/emoticons\/img\/smiley-laughing.gif",
          "dir": false,
          "file": true,
          "perms": "0664",
          "size": 343,
          "sha1": "e17b03304237dc4dea25e044e9cbb771b83ab26b"
        },
        {
          "path": "plugins\/emoticons\/img\/smiley-smile.gif",
          "dir": false,
          "file": true,
          "perms": "0664",
          "size": 344,
          "sha1": "032840c8e5fd62094307c3fa76b2f5677e3e65e7"
        },
        {
          "path": "plugins\/emoticons\/img\/smiley-embarassed.gif",
          "dir": false,
          "file": true,
          "perms": "0664",
          "size": 331,
          "sha1": "514fe86c52e7334abbeb8f7791e73b4352f57851"
        },
        {
          "path": "plugins\/emoticons\/img\/smiley-frown.gif",
          "dir": false,
          "file": true,
          "perms": "0664",
          "size": 340,
          "sha1": "33c37ae10d06d87deec51785c80f818d153c06b0"
        },
        {
          "path": "plugins\/emoticons\/img\/smiley-kiss.gif",
          "dir": false,
          "file": true,
          "perms": "0664",
          "size": 338,
          "sha1": "c03faf64c2b9a7b2b9d1f8c63beeb9f96d52bce4"
        },
        {
          "path": "plugins\/emoticons\/img\/smiley-cool.gif",
          "dir": false,
          "file": true,
          "perms": "0664",
          "size": 354,
          "sha1": "e0d8fff0141e190d1a9b1b17c2aa19f42ef6b1a5"
        },
        {
          "path": "plugins\/example",
          "dir": true,
          "file": false,
          "perms": "0775",
          "size": 4096,
          "sha1": null
        },
        {
          "path": "plugins\/example\/plugin.min.js",
          "dir": false,
          "file": true,
          "perms": "0664",
          "size": 501,
          "sha1": "2c6663cb42753d44acf014de70f437f6a2f01c26"
        },
        {
          "path": "plugins\/anchor",
          "dir": true,
          "file": false,
          "perms": "0775",
          "size": 4096,
          "sha1": null
        },
        {
          "path": "plugins\/anchor\/plugin.min.js",
          "dir": false,
          "file": true,
          "perms": "0664",
          "size": 477,
          "sha1": "de2bb74d37e282da5420078296e8124598775d12"
        },
        {
          "path": "plugins\/autolink",
          "dir": true,
          "file": false,
          "perms": "0775",
          "size": 4096,
          "sha1": null
        },
        {
          "path": "plugins\/autolink\/plugin.min.js",
          "dir": false,
          "file": true,
          "perms": "0664",
          "size": 1741,
          "sha1": "966b1a1033b7ede3566c81ddb17119270e579786"
        },
        {
          "path": "plugins\/importcss",
          "dir": true,
          "file": false,
          "perms": "0775",
          "size": 4096,
          "sha1": null
        },
        {
          "path": "plugins\/importcss\/plugin.min.js",
          "dir": false,
          "file": true,
          "perms": "0664",
          "size": 1798,
          "sha1": "c20941f1e59c59c1e1e4260c650d1612aef01edc"
        },
        {
          "path": "plugins\/autosave",
          "dir": true,
          "file": false,
          "perms": "0775",
          "size": 4096,
          "sha1": null
        },
        {
          "path": "plugins\/autosave\/plugin.min.js",
          "dir": false,
          "file": true,
          "perms": "0664",
          "size": 1977,
          "sha1": "f1fae8853945cf20d34e93b3b6142393415b7fbd"
        },
        {
          "path": "plugins\/charmap",
          "dir": true,
          "file": false,
          "perms": "0775",
          "size": 4096,
          "sha1": null
        },
        {
          "path": "plugins\/charmap\/plugin.min.js",
          "dir": false,
          "file": true,
          "perms": "0664",
          "size": 6960,
          "sha1": "faf5b93b5a98216b15408b1947120ebe96735b4b"
        },
        {
          "path": "plugins\/template",
          "dir": true,
          "file": false,
          "perms": "0775",
          "size": 4096,
          "sha1": null
        },
        {
          "path": "plugins\/template\/plugin.min.js",
          "dir": false,
          "file": true,
          "perms": "0664",
          "size": 3892,
          "sha1": "0bf967beb77b5fcaeef9c0fbf54730bb7f2b1638"
        },
        {
          "path": "plugins\/tabfocus",
          "dir": true,
          "file": false,
          "perms": "0775",
          "size": 4096,
          "sha1": null
        },
        {
          "path": "plugins\/tabfocus\/plugin.min.js",
          "dir": false,
          "file": true,
          "perms": "0664",
          "size": 1209,
          "sha1": "77878f4aad839f3f66034cfbe42bb7161df92836"
        },
        {
          "path": "plugins\/print",
          "dir": true,
          "file": false,
          "perms": "0775",
          "size": 4096,
          "sha1": null
        },
        {
          "path": "plugins\/print\/plugin.min.js",
          "dir": false,
          "file": true,
          "perms": "0664",
          "size": 293,
          "sha1": "02d1d9ca4977a521aa7f9bc44fbea102749f8ccc"
        },
        {
          "path": "plugins\/nonbreaking",
          "dir": true,
          "file": false,
          "perms": "0775",
          "size": 4096,
          "sha1": null
        },
        {
          "path": "plugins\/nonbreaking\/plugin.min.js",
          "dir": false,
          "file": true,
          "perms": "0664",
          "size": 613,
          "sha1": "c5c65a9d165d7d029fe7ab2ad52aacf08a56534d"
        },
        {
          "path": "plugins\/preview",
          "dir": true,
          "file": false,
          "perms": "0775",
          "size": 4096,
          "sha1": null
        },
        {
          "path": "plugins\/preview\/plugin.min.js",
          "dir": false,
          "file": true,
          "perms": "0664",
          "size": 1108,
          "sha1": "314ad167c449361a32b985f25a9bc4110dffb763"
        },
        {
          "path": "themes",
          "dir": true,
          "file": false,
          "perms": "0775",
          "size": 4096,
          "sha1": null
        },
        {
          "path": "themes\/modern",
          "dir": true,
          "file": false,
          "perms": "0775",
          "size": 4096,
          "sha1": null
        },
        {
          "path": "themes\/modern\/theme.min.js",
          "dir": false,
          "file": true,
          "perms": "0664",
          "size": 5990,
          "sha1": "55d1f03ff8bc43b87dc0cba8de84359c5afceb85"
        },
        {
          "path": "license.txt",
          "dir": false,
          "file": true,
          "perms": "0664",
          "size": 26931,
          "sha1": "09d6448cc62e4397b0f4d7fea473f6122cfa10fb"
        },
        {
          "path": "langs",
          "dir": true,
          "file": false,
          "perms": "0775",
          "size": 4096,
          "sha1": null
        },
        {
          "path": "langs\/tg.js",
          "dir": false,
          "file": true,
          "perms": "0664",
          "size": 16377,
          "sha1": "37bd23b32f28299a9bd08d5639ed23131d86c7a7"
        },
        {
          "path": "langs\/hr.js",
          "dir": false,
          "file": true,
          "perms": "0664",
          "size": 6025,
          "sha1": "437c5dcc06fc5948f81ec8051bb7ba48bc86f641"
        },
        {
          "path": "langs\/ja.js",
          "dir": false,
          "file": true,
          "perms": "0664",
          "size": 9807,
          "sha1": "a8a1c72bfe617174439e2f29a9a11bdb9082e778"
        },
        {
          "path": "langs\/eu.js",
          "dir": false,
          "file": true,
          "perms": "0664",
          "size": 5932,
          "sha1": "7148b17423a88c98740f2eac3a6e2b0dda697090"
        },
        {
          "path": "langs\/zh_TW.js",
          "dir": false,
          "file": true,
          "perms": "0664",
          "size": 7504,
          "sha1": "a98d21f742d89e897aec2827fcd3ebfe3eaae698"
        },
        {
          "path": "langs\/pt_BR.js",
          "dir": false,
          "file": true,
          "perms": "0664",
          "size": 6409,
          "sha1": "3eb747bb64bf8246d17582aa5e6d30b01ba49137"
        },
        {
          "path": "langs\/cy.js",
          "dir": false,
          "file": true,
          "perms": "0664",
          "size": 5684,
          "sha1": "5751c228672ac40ac647c02d9aafc695eae856e7"
        },
        {
          "path": "langs\/ko_KR.js",
          "dir": false,
          "file": true,
          "perms": "0664",
          "size": 7843,
          "sha1": "4eb6d71122bc585d61e7bb0afaf190f43f16fb86"
        },
        {
          "path": "langs\/fr_FR.js",
          "dir": false,
          "file": true,
          "perms": "0664",
          "size": 6400,
          "sha1": "f71e20b2c0a6613d2c128d0fa30a9a85a0b36353"
        },
        {
          "path": "langs\/de_AT.js",
          "dir": false,
          "file": true,
          "perms": "0664",
          "size": 5750,
          "sha1": "d1aafcd0d861aa198d564fc7831a635a551496c8"
        },
        {
          "path": "langs\/lb.js",
          "dir": false,
          "file": true,
          "perms": "0664",
          "size": 6323,
          "sha1": "5b9e4985ef1bf5f9107d36042894b493ec701a7c"
        },
        {
          "path": "langs\/lt.js",
          "dir": false,
          "file": true,
          "perms": "0664",
          "size": 3085,
          "sha1": "d36510d466371a309276285d940d897359826794"
        },
        {
          "path": "langs\/sl_SI.js",
          "dir": false,
          "file": true,
          "perms": "0664",
          "size": 6066,
          "sha1": "3b7d2ff5bf6306cd908e3e32bf16ffe7bb87b116"
        },
        {
          "path": "langs\/ro.js",
          "dir": false,
          "file": true,
          "perms": "0664",
          "size": 6565,
          "sha1": "749d684f81b015abc64f128bdd27becebb52d60b"
        },
        {
          "path": "langs\/sv_SE.js",
          "dir": false,
          "file": true,
          "perms": "0664",
          "size": 5988,
          "sha1": "b08e01953a34c55dc07127a9df64652cd451096b"
        },
        {
          "path": "langs\/bs.js",
          "dir": false,
          "file": true,
          "perms": "0664",
          "size": 6010,
          "sha1": "7fa4fc82f105ee4de2da3410097fa73ca7eadc01"
        },
        {
          "path": "langs\/cs.js",
          "dir": false,
          "file": true,
          "perms": "0664",
          "size": 7055,
          "sha1": "acf5616d8222a7a8ab16f4d6aba28ef051c203e1"
        },
        {
          "path": "langs\/readme.md",
          "dir": false,
          "file": true,
          "perms": "0664",
          "size": 151,
          "sha1": "e45be9a51f34a1d447659fc423f7fec721ee1e8a"
        },
        {
          "path": "langs\/es.js",
          "dir": false,
          "file": true,
          "perms": "0664",
          "size": 6109,
          "sha1": "aed8fdc7123a7d404d9b9ce1cb63d1c6fb1ce83b"
        },
        {
          "path": "langs\/it.js",
          "dir": false,
          "file": true,
          "perms": "0664",
          "size": 5988,
          "sha1": "3fd0559d575d34c4ce8b71859d59e13df13dd852"
        },
        {
          "path": "langs\/da.js",
          "dir": false,
          "file": true,
          "perms": "0664",
          "size": 5741,
          "sha1": "92db9ca0d9bb67ad693ed1400eb64415b68ae1ad"
        },
        {
          "path": "langs\/uk.js",
          "dir": false,
          "file": true,
          "perms": "0664",
          "size": 16513,
          "sha1": "bd150cde026b210baa7b9633c83af75ec9004c33"
        },
        {
          "path": "langs\/ca.js",
          "dir": false,
          "file": true,
          "perms": "0664",
          "size": 6104,
          "sha1": "5c38142328a963596e7398cf49f2eb31a140f1ff"
        },
        {
          "path": "langs\/gl.js",
          "dir": false,
          "file": true,
          "perms": "0664",
          "size": 5443,
          "sha1": "96e835816ed72ff01b22b07c6d2420cef307f3ef"
        },
        {
          "path": "langs\/ka_GE.js",
          "dir": false,
          "file": true,
          "perms": "0664",
          "size": 16543,
          "sha1": "aacdcd2fda64bab2d13ba497255ca49427642761"
        },
        {
          "path": "langs\/fa.js",
          "dir": false,
          "file": true,
          "perms": "0664",
          "size": 15011,
          "sha1": "e975b74a5dc2a3437fc197ea01eed63708e6a6e7"
        },
        {
          "path": "langs\/sr.js",
          "dir": false,
          "file": true,
          "perms": "0664",
          "size": 5880,
          "sha1": "e79dfc270cb9617bee1196a2e8b4b95042c79767"
        },
        {
          "path": "langs\/ta.js",
          "dir": false,
          "file": true,
          "perms": "0664",
          "size": 18165,
          "sha1": "520a5aa2f1c6f66226312fb279a37bd6d10f6cec"
        },
        {
          "path": "langs\/id.js",
          "dir": false,
          "file": true,
          "perms": "0664",
          "size": 2296,
          "sha1": "5c22b312a6fccf5863c9c9c49dc3768a01a4c4b1"
        },
        {
          "path": "langs\/lv.js",
          "dir": false,
          "file": true,
          "perms": "0664",
          "size": 7020,
          "sha1": "187ab78f661afb00ce3deb9009fa37f0de95a052"
        },
        {
          "path": "langs\/ru.js",
          "dir": false,
          "file": true,
          "perms": "0664",
          "size": 17812,
          "sha1": "7ffe4b915d366f9bbc4902110ef86462663b8a23"
        },
        {
          "path": "langs\/he_IL.js",
          "dir": false,
          "file": true,
          "perms": "0664",
          "size": 12725,
          "sha1": "33e285de57eebcb24123b9fe862d80bfabd585a1"
        },
        {
          "path": "langs\/fi.js",
          "dir": false,
          "file": true,
          "perms": "0664",
          "size": 6386,
          "sha1": "e4a92f7ab4d7980b26e41c8a06af692d6805a23c"
        },
        {
          "path": "langs\/th_TH.js",
          "dir": false,
          "file": true,
          "perms": "0664",
          "size": 14929,
          "sha1": "4072bcc69b07ad5e3ede37a53f10d9d7d2f3e343"
        },
        {
          "path": "langs\/ta_IN.js",
          "dir": false,
          "file": true,
          "perms": "0664",
          "size": 18168,
          "sha1": "7c28acc6806778be76e26a38c0b0ae8e328bd6e4"
        },
        {
          "path": "langs\/nl.js",
          "dir": false,
          "file": true,
          "perms": "0664",
          "size": 5757,
          "sha1": "5de1d4611affea04c34ddb274c8563f04101b95f"
        },
        {
          "path": "langs\/tr_TR.js",
          "dir": false,
          "file": true,
          "perms": "0664",
          "size": 6917,
          "sha1": "a9f93fbe70079700374ffbd42d523c20371eb6dc"
        },
        {
          "path": "langs\/si_LK.js",
          "dir": false,
          "file": true,
          "perms": "0664",
          "size": 14743,
          "sha1": "6c23f1ed7b13fb6505d371d71bb72ed3ffa64473"
        },
        {
          "path": "langs\/de.js",
          "dir": false,
          "file": true,
          "perms": "0664",
          "size": 6528,
          "sha1": "a116e10c2925c8b17885c93a03d59e65ddbbc821"
        },
        {
          "path": "langs\/el.js",
          "dir": false,
          "file": true,
          "perms": "0664",
          "size": 18196,
          "sha1": "3994f4ad84ec59aa6984f91024fa6b2cc1679fd4"
        },
        {
          "path": "langs\/sk.js",
          "dir": false,
          "file": true,
          "perms": "0664",
          "size": 7169,
          "sha1": "804958b1479bb792f279584c9ed9da457677b258"
        },
        {
          "path": "langs\/hu_HU.js",
          "dir": false,
          "file": true,
          "perms": "0664",
          "size": 7397,
          "sha1": "c0df2d42efd45b3b31223b81456bdf5fc7ea0770"
        },
        {
          "path": "langs\/et.js",
          "dir": false,
          "file": true,
          "perms": "0664",
          "size": 6078,
          "sha1": "705cc049a85b3532bc150b201a9f8db94450c8ee"
        },
        {
          "path": "langs\/nb_NO.js",
          "dir": false,
          "file": true,
          "perms": "0664",
          "size": 5962,
          "sha1": "6d0c09d619a24e73e64c5441c5902188e8b845ba"
        },
        {
          "path": "langs\/vi.js",
          "dir": false,
          "file": true,
          "perms": "0664",
          "size": 6109,
          "sha1": "5f6d8a019591810615924ecdab2abce9cc1ca9a4"
        },
        {
          "path": "langs\/pt_PT.js",
          "dir": false,
          "file": true,
          "perms": "0664",
          "size": 6424,
          "sha1": "da99f1c39d25421d7ff67bb8cc83468a5be620af"
        },
        {
          "path": "langs\/bg_BG.js",
          "dir": false,
          "file": true,
          "perms": "0664",
          "size": 19527,
          "sha1": "72f53a2dde567b553eed96237d1dff9ae4d0ac76"
        },
        {
          "path": "langs\/pl.js",
          "dir": false,
          "file": true,
          "perms": "0664",
          "size": 6361,
          "sha1": "4668eb63aaf88e732c40b6736a07a4588c261748"
        },
        {
          "path": "langs\/zh_CN.js",
          "dir": false,
          "file": true,
          "perms": "0664",
          "size": 7266,
          "sha1": "ad50184bca70897af60e6228cd7f5a749a614efd"
        },
        {
          "path": "langs\/hy.js",
          "dir": false,
          "file": true,
          "perms": "0664",
          "size": 17872,
          "sha1": "1b92246af37e886d2998dbfe81b8775517f82bd5"
        },
        {
          "path": "langs\/ar.js",
          "dir": false,
          "file": true,
          "perms": "0664",
          "size": 12070,
          "sha1": "49de087988aa6f7676fa048d46fcded9b7f7243a"
        },
        {
          "path": "langs\/vi_VN.js",
          "dir": false,
          "file": true,
          "perms": "0664",
          "size": 7568,
          "sha1": "38579de45e593e8381178614bc3c41d4615cf0fb"
        },
        {
          "path": "langs\/fo.js",
          "dir": false,
          "file": true,
          "perms": "0664",
          "size": 5584,
          "sha1": "61b76dfd1648a357774a22a4840b13d848f29b81"
        },
        {
          "path": "langs\/ug.js",
          "dir": false,
          "file": true,
          "perms": "0664",
          "size": 14249,
          "sha1": "b4f20f373ad4cf739fd40871085755674612f608"
        },
        {
          "path": "langs\/uk_UA.js",
          "dir": false,
          "file": true,
          "perms": "0664",
          "size": 16721,
          "sha1": "64e196b41d13084f633c1a17b9e692806287a41a"
        }
      ]
    }
  }
}