{
  "type": "external",
  "name": "swfobject",
  "version": "4.0.0",
  "revision": "9747",
  "path": "externals\/swfobject",
  "repository": null,
  "date": "Mon, 22 Jun 2015 17:06:09 +0000",
  "title": "Swfobject",
  "description": null,
  "thumb": null,
  "developer": null,
  "authors": [
    "Webligo Developments"
  ],
  "changeLog": null,
  "meta": {
    "date": "Mon, 22 Jun 2015 17:06:09 +0000",
    "title": "Swfobject",
    "description": null,
    "developer": null,
    "authors": [
      "Webligo Developments"
    ],
    "changeLog": null
  },
  "actions": [
    
  ],
  "callback": null,
  "dependencies": null,
  "tests": [
    
  ],
  "permissions": [
    
  ],
  "structure": {
    "externals\/swfobject": {
      "type": "directory",
      "path": "externals\/swfobject",
      "structure": [
        {
          "path": "manifest.php",
          "dir": false,
          "file": true,
          "perms": "0664",
          "size": 376,
          "sha1": "b39bc1104c5aa8a07c8af52df4fe845cbf4707ea"
        },
        {
          "path": "expressInstall.swf",
          "dir": false,
          "file": true,
          "perms": "0664",
          "size": 727,
          "sha1": "1c12004633e89d6de3bbe4a190093a537bdecebe"
        },
        {
          "path": "swfobject.js",
          "dir": false,
          "file": true,
          "perms": "0664",
          "size": 10220,
          "sha1": "5847ed101f55d51c53538a7078971e7de8fb6762"
        }
      ]
    }
  }
}