{
  "type": "external",
  "name": "moocomet",
  "version": "4.0.0",
  "revision": "9747",
  "path": "externals\/moocomet",
  "repository": null,
  "date": "Mon, 22 Jun 2015 17:06:09 +0000",
  "title": "Moocomet",
  "description": null,
  "thumb": null,
  "developer": null,
  "authors": [
    "Webligo Developments"
  ],
  "changeLog": null,
  "meta": {
    "date": "Mon, 22 Jun 2015 17:06:09 +0000",
    "title": "Moocomet",
    "description": null,
    "developer": null,
    "authors": [
      "Webligo Developments"
    ],
    "changeLog": null
  },
  "actions": [
    
  ],
  "callback": null,
  "dependencies": null,
  "tests": [
    
  ],
  "permissions": [
    
  ],
  "structure": {
    "externals\/moocomet": {
      "type": "directory",
      "path": "externals\/moocomet",
      "structure": [
        {
          "path": "manifest.php",
          "dir": false,
          "file": true,
          "perms": "0664",
          "size": 372,
          "sha1": "08be4eb08372dec965b521988786d7fd66e422ca"
        },
        {
          "path": "request.comet.js",
          "dir": false,
          "file": true,
          "perms": "0664",
          "size": 5107,
          "sha1": "50217353bbdc178e668bd9bc3eb9a4969911dc27"
        }
      ]
    }
  }
}