{
  "type": "library",
  "name": "phpunit",
  "version": "4.7.0",
  "revision": "10111",
  "path": "application\/libraries\/PHPUnit",
  "repository": null,
  "date": "Mon, 22 Jun 2015 17:06:09 +0000",
  "title": "PHPUnit",
  "description": null,
  "thumb": null,
  "developer": null,
  "authors": [
    "Webligo Developments"
  ],
  "changeLog": {
    "4.7.0": {
      "Util\/Report\/Template\/*": "Optimized the images",
      "manifest.php": "Incremented version"
    }
  },
  "meta": {
    "date": "Mon, 22 Jun 2015 17:06:09 +0000",
    "title": "PHPUnit",
    "description": null,
    "developer": null,
    "authors": [
      "Webligo Developments"
    ],
    "changeLog": null
  },
  "actions": [
    
  ],
  "callback": null,
  "dependencies": null,
  "tests": [
    
  ],
  "permissions": [
    
  ],
  "structure": {
    "application\/libraries\/PHPUnit": {
      "type": "directory",
      "path": "application\/libraries\/PHPUnit",
      "structure": [
        {
          "path": "Extensions",
          "dir": true,
          "file": false,
          "perms": "0775",
          "size": 4096,
          "sha1": null
        },
        {
          "path": "Extensions\/SeleniumTestCase",
          "dir": true,
          "file": false,
          "perms": "0775",
          "size": 4096,
          "sha1": null
        },
        {
          "path": "Extensions\/SeleniumTestCase\/append.php",
          "dir": false,
          "file": true,
          "perms": "0664",
          "size": 2848,
          "sha1": "f56c299232fc334a178869957a667de87b4849a6"
        },
        {
          "path": "Extensions\/SeleniumTestCase\/Driver.php",
          "dir": false,
          "file": true,
          "perms": "0664",
          "size": 38472,
          "sha1": "ff095fb0ef8dc835dcadf52e3d734998675a29fa"
        },
        {
          "path": "Extensions\/SeleniumTestCase\/prepend.php",
          "dir": false,
          "file": true,
          "perms": "0664",
          "size": 2748,
          "sha1": "a60095bc2953a52412c4b9cebab8f91491a39f7a"
        },
        {
          "path": "Extensions\/SeleniumTestCase\/phpunit_coverage.php",
          "dir": false,
          "file": true,
          "perms": "0664",
          "size": 3642,
          "sha1": "655db57935ecda70e89a1bf33e2243e0f15e015f"
        },
        {
          "path": "Extensions\/PhptTestSuite.php",
          "dir": false,
          "file": true,
          "perms": "0664",
          "size": 3666,
          "sha1": "007cb11db35cd6a2997846edb5b05945373a968e"
        },
        {
          "path": "Extensions\/Database",
          "dir": true,
          "file": false,
          "perms": "0775",
          "size": 4096,
          "sha1": null
        },
        {
          "path": "Extensions\/Database\/Operation",
          "dir": true,
          "file": false,
          "perms": "0775",
          "size": 4096,
          "sha1": null
        },
        {
          "path": "Extensions\/Database\/Operation\/Replace.php",
          "dir": false,
          "file": true,
          "perms": "0664",
          "size": 6536,
          "sha1": "fe9d1179dc24bfed04cab62bf019a31bb6f0c1f8"
        },
        {
          "path": "Extensions\/Database\/Operation\/DeleteAll.php",
          "dir": false,
          "file": true,
          "perms": "0664",
          "size": 3541,
          "sha1": "323d2f58dbd7b3bcb48aa79df03cf9f5fddaa41a"
        },
        {
          "path": "Extensions\/Database\/Operation\/Composite.php",
          "dir": false,
          "file": true,
          "perms": "0664",
          "size": 4290,
          "sha1": "b68ebb00bdc3eb065f6fb8d6c4117dea5426933b"
        },
        {
          "path": "Extensions\/Database\/Operation\/RowBased.php",
          "dir": false,
          "file": true,
          "perms": "0664",
          "size": 5684,
          "sha1": "a1e6ffe0c2dd994edcdde0cbcefb50d412368ac4"
        },
        {
          "path": "Extensions\/Database\/Operation\/Exception.php",
          "dir": false,
          "file": true,
          "perms": "0664",
          "size": 4181,
          "sha1": "39eca2267e395d14df9ed0d91ab137755f01419e"
        },
        {
          "path": "Extensions\/Database\/Operation\/Delete.php",
          "dir": false,
          "file": true,
          "perms": "0664",
          "size": 3884,
          "sha1": "2ff44e4b1da7e80beea68f316ba1cddb22cea0a6"
        },
        {
          "path": "Extensions\/Database\/Operation\/IDatabaseOperation.php",
          "dir": false,
          "file": true,
          "perms": "0664",
          "size": 3188,
          "sha1": "0ba2da8316157cf127fc1790c87b2c5b6ad13cd6"
        },
        {
          "path": "Extensions\/Database\/Operation\/Insert.php",
          "dir": false,
          "file": true,
          "perms": "0664",
          "size": 4239,
          "sha1": "0ddd17fd7a3db001e434ca56af02a2fdf1e17c21"
        },
        {
          "path": "Extensions\/Database\/Operation\/Truncate.php",
          "dir": false,
          "file": true,
          "perms": "0664",
          "size": 3825,
          "sha1": "420d01d878e07592d53caad100cee326e77b2d5c"
        },
        {
          "path": "Extensions\/Database\/Operation\/Factory.php",
          "dir": false,
          "file": true,
          "perms": "0664",
          "size": 5493,
          "sha1": "e934cdf03e4f4f2d1a18fef4e2809a23c44e1ffb"
        },
        {
          "path": "Extensions\/Database\/Operation\/Null.php",
          "dir": false,
          "file": true,
          "perms": "0664",
          "size": 2956,
          "sha1": "15ffefc08b77db8a1434fca04fe6ad9ca1c878a8"
        },
        {
          "path": "Extensions\/Database\/Operation\/Update.php",
          "dir": false,
          "file": true,
          "perms": "0664",
          "size": 4138,
          "sha1": "d9aa1f6415555fecd5ec093fd7f039b0f6b456c4"
        },
        {
          "path": "Extensions\/Database\/DB",
          "dir": true,
          "file": false,
          "perms": "0775",
          "size": 4096,
          "sha1": null
        },
        {
          "path": "Extensions\/Database\/DB\/FilteredDataSet.php",
          "dir": false,
          "file": true,
          "perms": "0664",
          "size": 3370,
          "sha1": "ec481613b00effe11d6c92746bca2ff2dc91187f"
        },
        {
          "path": "Extensions\/Database\/DB\/DataSet.php",
          "dir": false,
          "file": true,
          "perms": "0664",
          "size": 6786,
          "sha1": "6a5c78c8e2cc62700bfdd5b1962e0a045f2ef956"
        },
        {
          "path": "Extensions\/Database\/DB\/DefaultDatabaseConnection.php",
          "dir": false,
          "file": true,
          "perms": "0664",
          "size": 6907,
          "sha1": "8756acfaec4091768100b111b81fba06febbe1c7"
        },
        {
          "path": "Extensions\/Database\/DB\/MetaData.php",
          "dir": false,
          "file": true,
          "perms": "0664",
          "size": 8220,
          "sha1": "4ed1d2a18e2c63511eee7d3b72f1876b5427a016"
        },
        {
          "path": "Extensions\/Database\/DB\/Table.php",
          "dir": false,
          "file": true,
          "perms": "0664",
          "size": 3473,
          "sha1": "86b392145eed0506262f4962a17f4599378ad770"
        },
        {
          "path": "Extensions\/Database\/DB\/TableIterator.php",
          "dir": false,
          "file": true,
          "perms": "0664",
          "size": 4973,
          "sha1": "2748bc7af9ae44fec0d80bda006ce7bc30608cf9"
        },
        {
          "path": "Extensions\/Database\/DB\/IMetaData.php",
          "dir": false,
          "file": true,
          "perms": "0664",
          "size": 3705,
          "sha1": "04264ba31f6500db458b0d70f1f531c451c6c5cf"
        },
        {
          "path": "Extensions\/Database\/DB\/IDatabaseConnection.php",
          "dir": false,
          "file": true,
          "perms": "0664",
          "size": 4569,
          "sha1": "833f539ce81259203de8c34cfbb3631a30cefc4e"
        },
        {
          "path": "Extensions\/Database\/DB\/TableMetaData.php",
          "dir": false,
          "file": true,
          "perms": "0664",
          "size": 3080,
          "sha1": "fc4d08481bd13d2dcc2d5287a83d7d22e8bfc5d1"
        },
        {
          "path": "Extensions\/Database\/DB\/ResultSetTable.php",
          "dir": false,
          "file": true,
          "perms": "0664",
          "size": 3537,
          "sha1": "762f45b6134aa52c17316b1a1306e52e99d86402"
        },
        {
          "path": "Extensions\/Database\/DB\/MetaData",
          "dir": true,
          "file": false,
          "perms": "0775",
          "size": 4096,
          "sha1": null
        },
        {
          "path": "Extensions\/Database\/DB\/MetaData\/MySQL.php",
          "dir": false,
          "file": true,
          "perms": "0664",
          "size": 4546,
          "sha1": "4d7501c78a2ce6b9572f177b6433b75b65043ff4"
        },
        {
          "path": "Extensions\/Database\/DB\/MetaData\/Oci.php",
          "dir": false,
          "file": true,
          "perms": "0664",
          "size": 5838,
          "sha1": "a56f1a10e206d2a1daa4d8aff30b7efa792887be"
        },
        {
          "path": "Extensions\/Database\/DB\/MetaData\/InformationSchema.php",
          "dir": false,
          "file": true,
          "perms": "0664",
          "size": 5810,
          "sha1": "7f93c7823db8ff11808938f018ea5d48e1dc8074"
        },
        {
          "path": "Extensions\/Database\/DB\/MetaData\/Sqlite.php",
          "dir": false,
          "file": true,
          "perms": "0664",
          "size": 4860,
          "sha1": "0ba99b700ed06ed493802de996ce7a81151e2ad6"
        },
        {
          "path": "Extensions\/Database\/DB\/MetaData\/PgSQL.php",
          "dir": false,
          "file": true,
          "perms": "0664",
          "size": 5935,
          "sha1": "495a047aba57a0bc8492d0393756720b8c97364b"
        },
        {
          "path": "Extensions\/Database\/IDatabaseListConsumer.php",
          "dir": false,
          "file": true,
          "perms": "0664",
          "size": 2648,
          "sha1": "7b339126202c6d3559874f1389277f474e6cebe3"
        },
        {
          "path": "Extensions\/Database\/DataSet",
          "dir": true,
          "file": false,
          "perms": "0775",
          "size": 4096,
          "sha1": null
        },
        {
          "path": "Extensions\/Database\/DataSet\/Persistors",
          "dir": true,
          "file": false,
          "perms": "0775",
          "size": 4096,
          "sha1": null
        },
        {
          "path": "Extensions\/Database\/DataSet\/Persistors\/FlatXml.php",
          "dir": false,
          "file": true,
          "perms": "0664",
          "size": 5180,
          "sha1": "c7f4eaf8f8c2dbfa311b7956995243930693e254"
        },
        {
          "path": "Extensions\/Database\/DataSet\/Persistors\/Xml.php",
          "dir": false,
          "file": true,
          "perms": "0664",
          "size": 5352,
          "sha1": "0eff455651cac95072d8fe02805f2aafe9fbf2ec"
        },
        {
          "path": "Extensions\/Database\/DataSet\/Persistors\/Abstract.php",
          "dir": false,
          "file": true,
          "perms": "0664",
          "size": 4809,
          "sha1": "c51a113cc841ca5984dc021eaf1445fce829ff7f"
        },
        {
          "path": "Extensions\/Database\/DataSet\/Persistors\/Yaml.php",
          "dir": false,
          "file": true,
          "perms": "0664",
          "size": 3685,
          "sha1": "77cc30b458dba67efde12d80dd01b6340264f934"
        },
        {
          "path": "Extensions\/Database\/DataSet\/Persistors\/Factory.php",
          "dir": false,
          "file": true,
          "perms": "0664",
          "size": 3802,
          "sha1": "207836f723c1b68f3f690c8192ce26722489cf11"
        },
        {
          "path": "Extensions\/Database\/DataSet\/TableFilter.php",
          "dir": false,
          "file": true,
          "perms": "0664",
          "size": 5104,
          "sha1": "93a0f5f70247544d0faaa4a41e4e56b6214f73cb"
        },
        {
          "path": "Extensions\/Database\/DataSet\/DataSetFilter.php",
          "dir": false,
          "file": true,
          "perms": "0664",
          "size": 7231,
          "sha1": "023138e4d77815d0ef028456f4031e1e13b20108"
        },
        {
          "path": "Extensions\/Database\/DataSet\/DefaultDataSet.php",
          "dir": false,
          "file": true,
          "perms": "0664",
          "size": 3790,
          "sha1": "53173d6c4c821058165e916aaed64056b20873b1"
        },
        {
          "path": "Extensions\/Database\/DataSet\/AbstractDataSet.php",
          "dir": false,
          "file": true,
          "perms": "0664",
          "size": 5825,
          "sha1": "0f9b78762d600d80733c8c924f954abc3fb5b0dc"
        },
        {
          "path": "Extensions\/Database\/DataSet\/TableMetaDataFilter.php",
          "dir": false,
          "file": true,
          "perms": "0664",
          "size": 5658,
          "sha1": "5628d170054782fe5a780fca8b7d9386f0fc41ae"
        },
        {
          "path": "Extensions\/Database\/DataSet\/DefaultTable.php",
          "dir": false,
          "file": true,
          "perms": "0664",
          "size": 4781,
          "sha1": "15624fb79c6d41eefb108f9f37a14388a76b4373"
        },
        {
          "path": "Extensions\/Database\/DataSet\/ReplacementTable.php",
          "dir": false,
          "file": true,
          "perms": "0664",
          "size": 8102,
          "sha1": "833e1db64e26319da7b88efd821a452d862ae6f0"
        },
        {
          "path": "Extensions\/Database\/DataSet\/ReplacementTableIterator.php",
          "dir": false,
          "file": true,
          "perms": "0664",
          "size": 5819,
          "sha1": "22951420b63c67a5dd6e6e302da50cbc24f4a94e"
        },
        {
          "path": "Extensions\/Database\/DataSet\/ITableMetaData.php",
          "dir": false,
          "file": true,
          "perms": "0664",
          "size": 3294,
          "sha1": "68452aee73a72b1dbfbd6279d24511839d661cb0"
        },
        {
          "path": "Extensions\/Database\/DataSet\/ReplacementDataSet.php",
          "dir": false,
          "file": true,
          "perms": "0664",
          "size": 4968,
          "sha1": "4093b515f0e36f20261686793e74a14f8c34031c"
        },
        {
          "path": "Extensions\/Database\/DataSet\/DefaultTableMetaData.php",
          "dir": false,
          "file": true,
          "perms": "0664",
          "size": 3468,
          "sha1": "3164c825a08c3e8b3c8a99e3c9f3f7ecfcb1dc34"
        },
        {
          "path": "Extensions\/Database\/DataSet\/DefaultTableIterator.php",
          "dir": false,
          "file": true,
          "perms": "0664",
          "size": 4735,
          "sha1": "7454e37992a7eab4b65b60f71f6b8d9b1f11e7ee"
        },
        {
          "path": "Extensions\/Database\/DataSet\/ITable.php",
          "dir": false,
          "file": true,
          "perms": "0664",
          "size": 3522,
          "sha1": "6011d759d856442fd7c07aaf7e4dd0f082fb4362"
        },
        {
          "path": "Extensions\/Database\/DataSet\/QueryDataSet.php",
          "dir": false,
          "file": true,
          "perms": "0664",
          "size": 4918,
          "sha1": "ceba4ac4ef1573b336bb633161f28518920c36c0"
        },
        {
          "path": "Extensions\/Database\/DataSet\/CompositeDataSet.php",
          "dir": false,
          "file": true,
          "perms": "0664",
          "size": 4619,
          "sha1": "c2a37623d124fed82c4e7e391b1b853a7fd7383a"
        },
        {
          "path": "Extensions\/Database\/DataSet\/IDataSet.php",
          "dir": false,
          "file": true,
          "perms": "0664",
          "size": 3702,
          "sha1": "950384e953aa02e00430a748c8a5aff6ba7d36ba"
        },
        {
          "path": "Extensions\/Database\/DataSet\/XmlDataSet.php",
          "dir": false,
          "file": true,
          "perms": "0664",
          "size": 5498,
          "sha1": "6a26d216d6ffb6b1a434af8deea23e511101f459"
        },
        {
          "path": "Extensions\/Database\/DataSet\/ISpec.php",
          "dir": false,
          "file": true,
          "perms": "0664",
          "size": 2722,
          "sha1": "c7446e0dab22d2b5272163d1ac3726d71290632c"
        },
        {
          "path": "Extensions\/Database\/DataSet\/Specs",
          "dir": true,
          "file": false,
          "perms": "0775",
          "size": 4096,
          "sha1": null
        },
        {
          "path": "Extensions\/Database\/DataSet\/Specs\/FlatXml.php",
          "dir": false,
          "file": true,
          "perms": "0664",
          "size": 3176,
          "sha1": "34546aeab6a7f2607362343e716a36224a07844b"
        },
        {
          "path": "Extensions\/Database\/DataSet\/Specs\/IFactory.php",
          "dir": false,
          "file": true,
          "perms": "0664",
          "size": 2664,
          "sha1": "f8e3f0dda33581513cbc5ea82d50ab5e09ab0fd3"
        },
        {
          "path": "Extensions\/Database\/DataSet\/Specs\/DbTable.php",
          "dir": false,
          "file": true,
          "perms": "0664",
          "size": 4434,
          "sha1": "fef083c2d3d38936525a10cf82895502ecd43ef2"
        },
        {
          "path": "Extensions\/Database\/DataSet\/Specs\/Xml.php",
          "dir": false,
          "file": true,
          "perms": "0664",
          "size": 3146,
          "sha1": "53a6064374785656ea8fded699f64020619c0c50"
        },
        {
          "path": "Extensions\/Database\/DataSet\/Specs\/DbQuery.php",
          "dir": false,
          "file": true,
          "perms": "0664",
          "size": 4513,
          "sha1": "1b1597a3d0b5d0da4b57e2c3e2a44487b2b46ce7"
        },
        {
          "path": "Extensions\/Database\/DataSet\/Specs\/Yaml.php",
          "dir": false,
          "file": true,
          "perms": "0664",
          "size": 3153,
          "sha1": "73fadd42e1b6418b65739b2f565ad79eb89c08df"
        },
        {
          "path": "Extensions\/Database\/DataSet\/Specs\/Factory.php",
          "dir": false,
          "file": true,
          "perms": "0664",
          "size": 4105,
          "sha1": "8d5ba028b19899742b6249419da5ee667f39d7e2"
        },
        {
          "path": "Extensions\/Database\/DataSet\/Specs\/Csv.php",
          "dir": false,
          "file": true,
          "perms": "0664",
          "size": 4852,
          "sha1": "284d8bce33c6088625ea9278b351a0401a322480"
        },
        {
          "path": "Extensions\/Database\/DataSet\/YamlDataSet.php",
          "dir": false,
          "file": true,
          "perms": "0664",
          "size": 5277,
          "sha1": "0cb18f30e3443b06ef6d640218371fe69788851e"
        },
        {
          "path": "Extensions\/Database\/DataSet\/CsvDataSet.php",
          "dir": false,
          "file": true,
          "perms": "0664",
          "size": 5602,
          "sha1": "6bdf3b3eba5ba05c3ef461f1921460ef8ba8a51c"
        },
        {
          "path": "Extensions\/Database\/DataSet\/AbstractTableMetaData.php",
          "dir": false,
          "file": true,
          "perms": "0664",
          "size": 4322,
          "sha1": "16f88143697532a79fb8cb0f5052883d4450e32c"
        },
        {
          "path": "Extensions\/Database\/DataSet\/QueryTable.php",
          "dir": false,
          "file": true,
          "perms": "0664",
          "size": 5392,
          "sha1": "cb2425e887c47d4399b170846cb722c7b7bffc9a"
        },
        {
          "path": "Extensions\/Database\/DataSet\/FlatXmlDataSet.php",
          "dir": false,
          "file": true,
          "perms": "0664",
          "size": 4209,
          "sha1": "3d5b1c433a973852d9f6cb951aa757a378435a5b"
        },
        {
          "path": "Extensions\/Database\/DataSet\/AbstractTable.php",
          "dir": false,
          "file": true,
          "perms": "0664",
          "size": 7325,
          "sha1": "ebe2176b5573e3418042a644f15b748f7bf6b90a"
        },
        {
          "path": "Extensions\/Database\/DataSet\/IPersistable.php",
          "dir": false,
          "file": true,
          "perms": "0664",
          "size": 2935,
          "sha1": "ecc61ccaa0a6a1f76433632290f687912f2d7eb5"
        },
        {
          "path": "Extensions\/Database\/DataSet\/AbstractXmlDataSet.php",
          "dir": false,
          "file": true,
          "perms": "0664",
          "size": 5397,
          "sha1": "d072ae5aabae85a03cb088dd874fc9319d4112ba"
        },
        {
          "path": "Extensions\/Database\/DataSet\/ITableIterator.php",
          "dir": false,
          "file": true,
          "perms": "0664",
          "size": 2987,
          "sha1": "39dd9bcdc2ae74584b41dc97f7071e7122a7634f"
        },
        {
          "path": "Extensions\/Database\/Constraint",
          "dir": true,
          "file": false,
          "perms": "0775",
          "size": 4096,
          "sha1": null
        },
        {
          "path": "Extensions\/Database\/Constraint\/TableIsEqual.php",
          "dir": false,
          "file": true,
          "perms": "0664",
          "size": 4354,
          "sha1": "b3ae1ab275882dcaf991e615e6352a021e93c019"
        },
        {
          "path": "Extensions\/Database\/Constraint\/DataSetIsEqual.php",
          "dir": false,
          "file": true,
          "perms": "0664",
          "size": 4362,
          "sha1": "ec379e4ec54a8c90569ffc0c6c9ce86a7f0ac5c0"
        },
        {
          "path": "Extensions\/Database\/TestCase.php",
          "dir": false,
          "file": true,
          "perms": "0664",
          "size": 8792,
          "sha1": "9b45081d0d468c8c89fd1536a0dfba0e15a8fb26"
        },
        {
          "path": "Extensions\/Database\/ITester.php",
          "dir": false,
          "file": true,
          "perms": "0664",
          "size": 4427,
          "sha1": "97e16bb5a605d2a0e49bf30a4aac5dd2d5a14aa8"
        },
        {
          "path": "Extensions\/Database\/UI",
          "dir": true,
          "file": false,
          "perms": "0775",
          "size": 4096,
          "sha1": null
        },
        {
          "path": "Extensions\/Database\/UI\/Mediums",
          "dir": true,
          "file": false,
          "perms": "0775",
          "size": 4096,
          "sha1": null
        },
        {
          "path": "Extensions\/Database\/UI\/Mediums\/Text.php",
          "dir": false,
          "file": true,
          "perms": "0664",
          "size": 4597,
          "sha1": "59f1e9ce11451a7d59fe5df5df4a4f3d8b67f593"
        },
        {
          "path": "Extensions\/Database\/UI\/Modes",
          "dir": true,
          "file": false,
          "perms": "0775",
          "size": 4096,
          "sha1": null
        },
        {
          "path": "Extensions\/Database\/UI\/Modes\/ExportDataSet.php",
          "dir": false,
          "file": true,
          "perms": "0664",
          "size": 5248,
          "sha1": "cb683b38dd6b94358a891c081572caa8cd7d0155"
        },
        {
          "path": "Extensions\/Database\/UI\/Modes\/ExportDataSet",
          "dir": true,
          "file": false,
          "perms": "0775",
          "size": 4096,
          "sha1": null
        },
        {
          "path": "Extensions\/Database\/UI\/Modes\/ExportDataSet\/Arguments.php",
          "dir": false,
          "file": true,
          "perms": "0664",
          "size": 4644,
          "sha1": "3716d28c9c6dd72e64655efb4bc2bf9a30a4568a"
        },
        {
          "path": "Extensions\/Database\/UI\/Command.php",
          "dir": false,
          "file": true,
          "perms": "0664",
          "size": 3432,
          "sha1": "6edc40f1ae614236756be2bec4ba21924ac21734"
        },
        {
          "path": "Extensions\/Database\/UI\/IMode.php",
          "dir": false,
          "file": true,
          "perms": "0664",
          "size": 2771,
          "sha1": "a996cc5c05a37095a94c4907e34bf683c342a819"
        },
        {
          "path": "Extensions\/Database\/UI\/InvalidModeException.php",
          "dir": false,
          "file": true,
          "perms": "0664",
          "size": 3298,
          "sha1": "9716da9e4f20f04527ba94083702d5843befee0f"
        },
        {
          "path": "Extensions\/Database\/UI\/IModeFactory.php",
          "dir": false,
          "file": true,
          "perms": "0664",
          "size": 2826,
          "sha1": "a10fa32d10d3bc861377deff3a3d2f5a7d360001"
        },
        {
          "path": "Extensions\/Database\/UI\/IMedium.php",
          "dir": false,
          "file": true,
          "perms": "0664",
          "size": 2996,
          "sha1": "0c5a3a4e08210fa08b44165d61ce44a743119199"
        },
        {
          "path": "Extensions\/Database\/UI\/IMediumPrinter.php",
          "dir": false,
          "file": true,
          "perms": "0664",
          "size": 2757,
          "sha1": "75e7007459c10d9b4d44957b2c09217740b2d753"
        },
        {
          "path": "Extensions\/Database\/UI\/Context.php",
          "dir": false,
          "file": true,
          "perms": "0664",
          "size": 3120,
          "sha1": "c16f924d4843d1499b2552bce1c4ca70a5d7ec92"
        },
        {
          "path": "Extensions\/Database\/UI\/ModeFactory.php",
          "dir": false,
          "file": true,
          "perms": "0664",
          "size": 4812,
          "sha1": "bc1df29b1b27da8733e2b1fb34ce51fd7ea6e82c"
        },
        {
          "path": "Extensions\/Database\/AbstractTester.php",
          "dir": false,
          "file": true,
          "perms": "0664",
          "size": 6231,
          "sha1": "dd2b06f911c2b1b7af53c7b1d46854d5e4827b23"
        },
        {
          "path": "Extensions\/Database\/DefaultTester.php",
          "dir": false,
          "file": true,
          "perms": "0664",
          "size": 3440,
          "sha1": "50157a8cf0a2f10b8cf6438fa1be081868c45305"
        },
        {
          "path": "Extensions\/PerformanceTestCase.php",
          "dir": false,
          "file": true,
          "perms": "0664",
          "size": 4037,
          "sha1": "faee5691861cd6f791a0650ae2ab6bf84df48bf0"
        },
        {
          "path": "Extensions\/TicketListener",
          "dir": true,
          "file": false,
          "perms": "0775",
          "size": 4096,
          "sha1": null
        },
        {
          "path": "Extensions\/TicketListener\/Trac.php",
          "dir": false,
          "file": true,
          "perms": "0664",
          "size": 5235,
          "sha1": "5e1b044b04a5af0417e1e1ad86269bae8e2a0e3d"
        },
        {
          "path": "Extensions\/OutputTestCase.php",
          "dir": false,
          "file": true,
          "perms": "0664",
          "size": 5678,
          "sha1": "35a90c7c8a0f684da9a2d6d6c12dff42caccfb69"
        },
        {
          "path": "Extensions\/TestDecorator.php",
          "dir": false,
          "file": true,
          "perms": "0664",
          "size": 4665,
          "sha1": "f5f800d2b4ce0fd991a4d72b4d5943d9c9d90123"
        },
        {
          "path": "Extensions\/GroupTestSuite.php",
          "dir": false,
          "file": true,
          "perms": "0664",
          "size": 4152,
          "sha1": "972a778513ea14a8be8693f7a0fda979825b5eb3"
        },
        {
          "path": "Extensions\/SeleniumTestCase.php",
          "dir": false,
          "file": true,
          "perms": "0664",
          "size": 35616,
          "sha1": "1552532b34d8565d2694eb8b972c63480b959eb1"
        },
        {
          "path": "Extensions\/RepeatedTest.php",
          "dir": false,
          "file": true,
          "perms": "0664",
          "size": 5193,
          "sha1": "4255fca4b09b59715395a755ccebdc187c1f873d"
        },
        {
          "path": "Extensions\/PhptTestCase",
          "dir": true,
          "file": false,
          "perms": "0775",
          "size": 4096,
          "sha1": null
        },
        {
          "path": "Extensions\/PhptTestCase\/Logger.php",
          "dir": false,
          "file": true,
          "perms": "0664",
          "size": 2656,
          "sha1": "98e54e00daed4977124c817bbc64c1a4838e062e"
        },
        {
          "path": "Extensions\/Story",
          "dir": true,
          "file": false,
          "perms": "0775",
          "size": 4096,
          "sha1": null
        },
        {
          "path": "Extensions\/Story\/Given.php",
          "dir": false,
          "file": true,
          "perms": "0664",
          "size": 2908,
          "sha1": "0332e96fd11a6aef55bdfe3dd97d2d3533bd913f"
        },
        {
          "path": "Extensions\/Story\/Scenario.php",
          "dir": false,
          "file": true,
          "perms": "0664",
          "size": 6027,
          "sha1": "711f502de2a2aae4be21fcc785f3fb92e4cf9c26"
        },
        {
          "path": "Extensions\/Story\/ResultPrinter.php",
          "dir": false,
          "file": true,
          "perms": "0664",
          "size": 3822,
          "sha1": "0e656cf59e9992ff97446e4f5e22fd0a179eaf45"
        },
        {
          "path": "Extensions\/Story\/Then.php",
          "dir": false,
          "file": true,
          "perms": "0664",
          "size": 2905,
          "sha1": "26ce95c54b86e9bdcd6e8d922d7b4a8d7d1aaef3"
        },
        {
          "path": "Extensions\/Story\/Step.php",
          "dir": false,
          "file": true,
          "perms": "0664",
          "size": 3979,
          "sha1": "1d64d54db275545f1701f14e08ae78cd87694794"
        },
        {
          "path": "Extensions\/Story\/TestCase.php",
          "dir": false,
          "file": true,
          "perms": "0664",
          "size": 6298,
          "sha1": "06c736f424fe1b970af15a3d606dd5d4615afa2b"
        },
        {
          "path": "Extensions\/Story\/ResultPrinter",
          "dir": true,
          "file": false,
          "perms": "0775",
          "size": 4096,
          "sha1": null
        },
        {
          "path": "Extensions\/Story\/ResultPrinter\/Text.php",
          "dir": false,
          "file": true,
          "perms": "0664",
          "size": 5000,
          "sha1": "9439c6513b2d85725bd66347853de2e11bfb37f0"
        },
        {
          "path": "Extensions\/Story\/ResultPrinter\/Template",
          "dir": true,
          "file": false,
          "perms": "0775",
          "size": 4096,
          "sha1": null
        },
        {
          "path": "Extensions\/Story\/ResultPrinter\/Template\/scenarios.html.dist",
          "dir": false,
          "file": true,
          "perms": "0664",
          "size": 1826,
          "sha1": "3a82d2b2d9f0d98487019e806a64e7ef4a032530"
        },
        {
          "path": "Extensions\/Story\/ResultPrinter\/Template\/step.html.dist",
          "dir": false,
          "file": true,
          "perms": "0664",
          "size": 123,
          "sha1": "10aedeaf900b891f14a4f69190ac56d90c3edc8f"
        },
        {
          "path": "Extensions\/Story\/ResultPrinter\/Template\/scenario_header.html.dist",
          "dir": false,
          "file": true,
          "perms": "0664",
          "size": 71,
          "sha1": "fc035666418d3e7ddcf4978709e08d1b01ad543b"
        },
        {
          "path": "Extensions\/Story\/ResultPrinter\/Template\/scenario.html.dist",
          "dir": false,
          "file": true,
          "perms": "0664",
          "size": 280,
          "sha1": "b227facb1523b30205d8d61e984e44a97d589bb3"
        },
        {
          "path": "Extensions\/Story\/ResultPrinter\/HTML.php",
          "dir": false,
          "file": true,
          "perms": "0664",
          "size": 6414,
          "sha1": "96e54e120a0a158dd28efdf342c488f62b8af7c1"
        },
        {
          "path": "Extensions\/Story\/SeleniumTestCase.php",
          "dir": false,
          "file": true,
          "perms": "0664",
          "size": 6265,
          "sha1": "2344a0b1547ab1aaa61962e06ee824c53efac0c0"
        },
        {
          "path": "Extensions\/Story\/When.php",
          "dir": false,
          "file": true,
          "perms": "0664",
          "size": 2905,
          "sha1": "c6bd0eddc9827e834d0d7c90047686a45850edb4"
        },
        {
          "path": "Extensions\/TicketListener.php",
          "dir": false,
          "file": true,
          "perms": "0664",
          "size": 7549,
          "sha1": "44a100c1c6e27013bb5971906c5c840548f764ce"
        },
        {
          "path": "Extensions\/PhptTestCase.php",
          "dir": false,
          "file": true,
          "perms": "0664",
          "size": 8831,
          "sha1": "4ad7bbc33e9ce2bbe3cdff1a35950009aef54c6a"
        },
        {
          "path": "Util",
          "dir": true,
          "file": false,
          "perms": "0775",
          "size": 4096,
          "sha1": null
        },
        {
          "path": "Util\/Skeleton",
          "dir": true,
          "file": false,
          "perms": "0775",
          "size": 4096,
          "sha1": null
        },
        {
          "path": "Util\/Skeleton\/Class.php",
          "dir": false,
          "file": true,
          "perms": "0664",
          "size": 10651,
          "sha1": "09de74f0ea06ecc5ed349a6ae9e87d437870ccc2"
        },
        {
          "path": "Util\/Skeleton\/Template",
          "dir": true,
          "file": false,
          "perms": "0775",
          "size": 4096,
          "sha1": null
        },
        {
          "path": "Util\/Skeleton\/Template\/TestMethodBoolStatic.tpl.dist",
          "dir": false,
          "file": true,
          "perms": "0664",
          "size": 210,
          "sha1": "6b3d973b607c2e1e6318b32cf48d4ad044064987"
        },
        {
          "path": "Util\/Skeleton\/Template\/Method.tpl.dist",
          "dir": false,
          "file": true,
          "perms": "0664",
          "size": 232,
          "sha1": "cdddafa6f83dff5cb210251984798db7a49cbaf9"
        },
        {
          "path": "Util\/Skeleton\/Template\/Class.tpl.dist",
          "dir": false,
          "file": true,
          "perms": "0664",
          "size": 92,
          "sha1": "a08f5cc27e86bc6e449e38a17f482d3b1664c039"
        },
        {
          "path": "Util\/Skeleton\/Template\/IncompleteTestMethod.tpl.dist",
          "dir": false,
          "file": true,
          "perms": "0664",
          "size": 277,
          "sha1": "84a25c31091309ea3c36d666cb7a230b68bac76d"
        },
        {
          "path": "Util\/Skeleton\/Template\/TestMethodStatic.tpl.dist",
          "dir": false,
          "file": true,
          "perms": "0664",
          "size": 232,
          "sha1": "8b3049c686ea4b2cd35b3db375333b87edf874ea"
        },
        {
          "path": "Util\/Skeleton\/Template\/TestMethodBool.tpl.dist",
          "dir": false,
          "file": true,
          "perms": "0664",
          "size": 212,
          "sha1": "ae425a99f18c2feaf582c2872fa6ae9ecd783562"
        },
        {
          "path": "Util\/Skeleton\/Template\/TestMethod.tpl.dist",
          "dir": false,
          "file": true,
          "perms": "0664",
          "size": 234,
          "sha1": "865ec9524b4d52c749cfa04dd14e448419c0f30c"
        },
        {
          "path": "Util\/Skeleton\/Template\/TestMethodExceptionStatic.tpl.dist",
          "dir": false,
          "file": true,
          "perms": "0664",
          "size": 201,
          "sha1": "24d50b5c88099db551e4a69136a55fe295d679aa"
        },
        {
          "path": "Util\/Skeleton\/Template\/TestClass.tpl.dist",
          "dir": false,
          "file": true,
          "perms": "0664",
          "size": 731,
          "sha1": "83333816bb9949509d940533305c1138e6b0501a"
        },
        {
          "path": "Util\/Skeleton\/Template\/TestMethodException.tpl.dist",
          "dir": false,
          "file": true,
          "perms": "0664",
          "size": 203,
          "sha1": "864d12511b5de654c3f38a6951bdf4760d08e307"
        },
        {
          "path": "Util\/Skeleton\/Test.php",
          "dir": false,
          "file": true,
          "perms": "0664",
          "size": 14122,
          "sha1": "cec9f8eaeeb35b0357cd0cab023da2907248c140"
        },
        {
          "path": "Util\/Getopt.php",
          "dir": false,
          "file": true,
          "perms": "0664",
          "size": 6957,
          "sha1": "03204e6c69c78881a16b876c76883f2000a0475d"
        },
        {
          "path": "Util\/File.php",
          "dir": false,
          "file": true,
          "perms": "0664",
          "size": 12901,
          "sha1": "4e7ed4e0b52582780e0779859d089bcf27bf8b3d"
        },
        {
          "path": "Util\/Log",
          "dir": true,
          "file": false,
          "perms": "0775",
          "size": 4096,
          "sha1": null
        },
        {
          "path": "Util\/Log\/Database",
          "dir": true,
          "file": false,
          "perms": "0775",
          "size": 4096,
          "sha1": null
        },
        {
          "path": "Util\/Log\/Database\/MySQL.sql",
          "dir": false,
          "file": true,
          "perms": "0664",
          "size": 8893,
          "sha1": "4a2c5754c7eff2c93a9212ffe4acd7ff999ad9f0"
        },
        {
          "path": "Util\/Log\/Database\/SQLite3.sql",
          "dir": false,
          "file": true,
          "perms": "0664",
          "size": 7559,
          "sha1": "70198940d1ca4b5620e5498107647223bfdc0b78"
        },
        {
          "path": "Util\/Log\/PEAR.php",
          "dir": false,
          "file": true,
          "perms": "0664",
          "size": 7461,
          "sha1": "cf4198b4ecba07ab4f7aa32ecce439dd01568b86"
        },
        {
          "path": "Util\/Log\/CodeCoverage",
          "dir": true,
          "file": false,
          "perms": "0775",
          "size": 4096,
          "sha1": null
        },
        {
          "path": "Util\/Log\/CodeCoverage\/XML",
          "dir": true,
          "file": false,
          "perms": "0775",
          "size": 4096,
          "sha1": null
        },
        {
          "path": "Util\/Log\/CodeCoverage\/XML\/Source.php",
          "dir": false,
          "file": true,
          "perms": "0664",
          "size": 12042,
          "sha1": "8e8414a03274f94a0268540126775c3356bddc3b"
        },
        {
          "path": "Util\/Log\/CodeCoverage\/XML\/Clover.php",
          "dir": false,
          "file": true,
          "perms": "0664",
          "size": 16036,
          "sha1": "7cfa572630908a4c7b1964730253dbdfa05ff28e"
        },
        {
          "path": "Util\/Log\/CodeCoverage\/Database.php",
          "dir": false,
          "file": true,
          "perms": "0664",
          "size": 27825,
          "sha1": "04456cea9a81b0246e766f12bc4c47322f3854d0"
        },
        {
          "path": "Util\/Log\/JUnit.php",
          "dir": false,
          "file": true,
          "perms": "0664",
          "size": 15767,
          "sha1": "66ee55b5fe160963f6c6fe699a12c0783427b63b"
        },
        {
          "path": "Util\/Log\/TAP.php",
          "dir": false,
          "file": true,
          "perms": "0664",
          "size": 7769,
          "sha1": "9bda288be3ab6dd9ce40b53cb2c6391317058e72"
        },
        {
          "path": "Util\/Log\/PMD",
          "dir": true,
          "file": false,
          "perms": "0775",
          "size": 4096,
          "sha1": null
        },
        {
          "path": "Util\/Log\/PMD\/Rule.php",
          "dir": false,
          "file": true,
          "perms": "0664",
          "size": 3105,
          "sha1": "1e5afa58d6ee1f407c13c064600d70d4250227a7"
        },
        {
          "path": "Util\/Log\/PMD\/Rule",
          "dir": true,
          "file": false,
          "perms": "0775",
          "size": 4096,
          "sha1": null
        },
        {
          "path": "Util\/Log\/PMD\/Rule\/Function.php",
          "dir": false,
          "file": true,
          "perms": "0664",
          "size": 2730,
          "sha1": "d59dc44b2e4f4fd85af64e8b4bfbe8cd87f993bc"
        },
        {
          "path": "Util\/Log\/PMD\/Rule\/File.php",
          "dir": false,
          "file": true,
          "perms": "0664",
          "size": 2708,
          "sha1": "5a990916013321c92bc5c9b8cf4eaa719395635d"
        },
        {
          "path": "Util\/Log\/PMD\/Rule\/Class.php",
          "dir": false,
          "file": true,
          "perms": "0664",
          "size": 2710,
          "sha1": "a95a17e2c7b9280e1f19db1aedd5f7ad64723cd8"
        },
        {
          "path": "Util\/Log\/PMD\/Rule\/Project.php",
          "dir": false,
          "file": true,
          "perms": "0664",
          "size": 2714,
          "sha1": "cd15ca69181410b5a9a0c50071fb8caeb85dc8c3"
        },
        {
          "path": "Util\/Log\/PMD\/Rule\/Project",
          "dir": true,
          "file": false,
          "perms": "0775",
          "size": 4096,
          "sha1": null
        },
        {
          "path": "Util\/Log\/PMD\/Rule\/Project\/CRAP.php",
          "dir": false,
          "file": true,
          "perms": "0664",
          "size": 4142,
          "sha1": "10ecb000d6ac86e0d9d28549ce479afb9b0e9560"
        },
        {
          "path": "Util\/Log\/PMD\/Rule\/Function",
          "dir": true,
          "file": false,
          "perms": "0775",
          "size": 4096,
          "sha1": null
        },
        {
          "path": "Util\/Log\/PMD\/Rule\/Function\/NPathComplexity.php",
          "dir": false,
          "file": true,
          "perms": "0664",
          "size": 3354,
          "sha1": "8d090894e04865b49f70f012eb814365616b136e"
        },
        {
          "path": "Util\/Log\/PMD\/Rule\/Function\/CodeCoverage.php",
          "dir": false,
          "file": true,
          "perms": "0664",
          "size": 3374,
          "sha1": "d947d63cae9405673b201d3e3e7a56e75f9aaae8"
        },
        {
          "path": "Util\/Log\/PMD\/Rule\/Function\/CRAP.php",
          "dir": false,
          "file": true,
          "perms": "0664",
          "size": 3422,
          "sha1": "e163ca3b7a98fb437e57d7de490c790c046adcc8"
        },
        {
          "path": "Util\/Log\/PMD\/Rule\/Function\/CyclomaticComplexity.php",
          "dir": false,
          "file": true,
          "perms": "0664",
          "size": 3536,
          "sha1": "ac83051d5b751e90df321143f44617b3a33bea6e"
        },
        {
          "path": "Util\/Log\/PMD\/Rule\/Function\/ExcessiveParameterList.php",
          "dir": false,
          "file": true,
          "perms": "0664",
          "size": 3309,
          "sha1": "b9297d462a1a46aa0621a2e156f37343809040ac"
        },
        {
          "path": "Util\/Log\/PMD\/Rule\/Function\/ExcessiveMethodLength.php",
          "dir": false,
          "file": true,
          "perms": "0664",
          "size": 3352,
          "sha1": "e2221f134934e29571d82ca173496315f98ee3b8"
        },
        {
          "path": "Util\/Log\/PMD\/Rule\/Class",
          "dir": true,
          "file": false,
          "perms": "0775",
          "size": 4096,
          "sha1": null
        },
        {
          "path": "Util\/Log\/PMD\/Rule\/Class\/EfferentCoupling.php",
          "dir": false,
          "file": true,
          "perms": "0664",
          "size": 3208,
          "sha1": "37811174419c81901c12a75343e2ede70cac8cd2"
        },
        {
          "path": "Util\/Log\/PMD\/Rule\/Class\/TooManyFields.php",
          "dir": false,
          "file": true,
          "perms": "0664",
          "size": 3386,
          "sha1": "f15c1086929290d4211550c45e1c11d1a5c21c01"
        },
        {
          "path": "Util\/Log\/PMD\/Rule\/Class\/DepthOfInheritanceTree.php",
          "dir": false,
          "file": true,
          "perms": "0664",
          "size": 3062,
          "sha1": "08f55c9177a8c9c7bf9d77eec199ee75e7cbbca0"
        },
        {
          "path": "Util\/Log\/PMD\/Rule\/Class\/ExcessiveClassLength.php",
          "dir": false,
          "file": true,
          "perms": "0664",
          "size": 3295,
          "sha1": "c33123774e6c330a117bb04ea698df365d21a998"
        },
        {
          "path": "Util\/Log\/PMD\/Rule\/Class\/ExcessivePublicCount.php",
          "dir": false,
          "file": true,
          "perms": "0664",
          "size": 3344,
          "sha1": "83f2ad1a9ebe5e6312356e16117aa3c0fa4af355"
        },
        {
          "path": "Util\/Log\/Metrics.php",
          "dir": false,
          "file": true,
          "perms": "0664",
          "size": 8952,
          "sha1": "9dce724eefc9faf9448c6494731ce9aaf701f710"
        },
        {
          "path": "Util\/Log\/GraphViz.php",
          "dir": false,
          "file": true,
          "perms": "0664",
          "size": 9160,
          "sha1": "223054ee1693200eeb050084e16e346437a1771c"
        },
        {
          "path": "Util\/Log\/JSON.php",
          "dir": false,
          "file": true,
          "perms": "0664",
          "size": 8010,
          "sha1": "7329dd288c9f1848716bc73736cc5eb70d17cd9d"
        },
        {
          "path": "Util\/Log\/CPD.php",
          "dir": false,
          "file": true,
          "perms": "0664",
          "size": 5007,
          "sha1": "3820e74de725301b42b8056eae0d53a0c2a81cfe"
        },
        {
          "path": "Util\/Log\/Database.php",
          "dir": false,
          "file": true,
          "perms": "0664",
          "size": 15734,
          "sha1": "7d49cf221113fecd6742a3176466c0c0eb3cf33c"
        },
        {
          "path": "Util\/Log\/PMD.php",
          "dir": false,
          "file": true,
          "perms": "0664",
          "size": 11837,
          "sha1": "6a0dc58cbe4b8509c26781de5bc995dbd7786d75"
        },
        {
          "path": "Util\/Class.php",
          "dir": false,
          "file": true,
          "perms": "0664",
          "size": 14273,
          "sha1": "0409caf5d97e11add553c05388fa9072735b0ea0"
        },
        {
          "path": "Util\/Report.php",
          "dir": false,
          "file": true,
          "perms": "0664",
          "size": 7654,
          "sha1": "24781640bec9ead8a6424b975ec8a0f2e3ebc504"
        },
        {
          "path": "Util\/XML.php",
          "dir": false,
          "file": true,
          "perms": "0664",
          "size": 30696,
          "sha1": "b20bef8c253b770c453cad7535475679cb66a0ee"
        },
        {
          "path": "Util\/Filter.php",
          "dir": false,
          "file": true,
          "perms": "0664",
          "size": 18844,
          "sha1": "b444a191d59a1c842ba5aae3efe82246298daaeb"
        },
        {
          "path": "Util\/Metrics",
          "dir": true,
          "file": false,
          "perms": "0775",
          "size": 4096,
          "sha1": null
        },
        {
          "path": "Util\/Metrics\/Function.php",
          "dir": false,
          "file": true,
          "perms": "0664",
          "size": 14010,
          "sha1": "3c38c38b92dfba3f3ded26b2a171d4cc3d596632"
        },
        {
          "path": "Util\/Metrics\/File.php",
          "dir": false,
          "file": true,
          "perms": "0664",
          "size": 7928,
          "sha1": "e700f8c306c7bc80aa0c307490db8c52166b76b6"
        },
        {
          "path": "Util\/Metrics\/Class.php",
          "dir": false,
          "file": true,
          "perms": "0664",
          "size": 20071,
          "sha1": "0515103907af5cfd5c878e6594104826028b41b0"
        },
        {
          "path": "Util\/Metrics\/Project.php",
          "dir": false,
          "file": true,
          "perms": "0664",
          "size": 14068,
          "sha1": "aa20c8cd00b7be700d64cc72a0d406372813a717"
        },
        {
          "path": "Util\/Skeleton.php",
          "dir": false,
          "file": true,
          "perms": "0664",
          "size": 4538,
          "sha1": "d55c771f4faf89e4717bfff56d3e681e07127b21"
        },
        {
          "path": "Util\/Template.php",
          "dir": false,
          "file": true,
          "perms": "0664",
          "size": 4982,
          "sha1": "53e5c6f024ec9512245a1c52f93d45553b698e1f"
        },
        {
          "path": "Util\/CodeCoverage.php",
          "dir": false,
          "file": true,
          "perms": "0664",
          "size": 10606,
          "sha1": "d5ca89b18af2ae7b857584124565c1c1a205c067"
        },
        {
          "path": "Util\/InvalidArgumentHelper.php",
          "dir": false,
          "file": true,
          "perms": "0664",
          "size": 3256,
          "sha1": "bc30d135da6da32870aa3bacec27aaa9caa5f677"
        },
        {
          "path": "Util\/ErrorHandler.php",
          "dir": false,
          "file": true,
          "perms": "0664",
          "size": 4249,
          "sha1": "a0435bbf7b50bd5e760526e80130b6d89457b6d1"
        },
        {
          "path": "Util\/Printer.php",
          "dir": false,
          "file": true,
          "perms": "0664",
          "size": 6147,
          "sha1": "ff6f3b642500eb64444e0701e672a26380013e20"
        },
        {
          "path": "Util\/Diff.php",
          "dir": false,
          "file": true,
          "perms": "0664",
          "size": 7785,
          "sha1": "0b73e0cbf6b756a695db76a8096158af9a923bc7"
        },
        {
          "path": "Util\/TestSuiteIterator.php",
          "dir": false,
          "file": true,
          "perms": "0664",
          "size": 4341,
          "sha1": "107e347bda47e5b0caa223c48a7e582d2c6f180d"
        },
        {
          "path": "Util\/TestDox",
          "dir": true,
          "file": false,
          "perms": "0775",
          "size": 4096,
          "sha1": null
        },
        {
          "path": "Util\/TestDox\/ResultPrinter.php",
          "dir": false,
          "file": true,
          "perms": "0664",
          "size": 9914,
          "sha1": "81506002110d5e58510ff5c771b22a7eec523c23"
        },
        {
          "path": "Util\/TestDox\/NamePrettifier.php",
          "dir": false,
          "file": true,
          "perms": "0664",
          "size": 5245,
          "sha1": "b6ffe1668a651cc1f25bc1731f4d7264000e0c7e"
        },
        {
          "path": "Util\/TestDox\/ResultPrinter",
          "dir": true,
          "file": false,
          "perms": "0775",
          "size": 4096,
          "sha1": null
        },
        {
          "path": "Util\/TestDox\/ResultPrinter\/Text.php",
          "dir": false,
          "file": true,
          "perms": "0664",
          "size": 3420,
          "sha1": "e2a6cb8789774d2170230763d3b9988e39dd2c86"
        },
        {
          "path": "Util\/TestDox\/ResultPrinter\/HTML.php",
          "dir": false,
          "file": true,
          "perms": "0664",
          "size": 3965,
          "sha1": "093df6aa0a28f30374cac9bd741b5170f5d53cb1"
        },
        {
          "path": "Util\/Timer.php",
          "dir": false,
          "file": true,
          "perms": "0664",
          "size": 4096,
          "sha1": "fbc54b0c3d5497ec19e6085ffd8a09135b3e5b71"
        },
        {
          "path": "Util\/Type.php",
          "dir": false,
          "file": true,
          "perms": "0664",
          "size": 5857,
          "sha1": "b84f8091001794ca30ccde31e41d73c02e412b64"
        },
        {
          "path": "Util\/Metrics.php",
          "dir": false,
          "file": true,
          "perms": "0664",
          "size": 2779,
          "sha1": "f0fdf9d6c139190c2cc1634f928473b0eea24bb0"
        },
        {
          "path": "Util\/PDO.php",
          "dir": false,
          "file": true,
          "perms": "0664",
          "size": 11546,
          "sha1": "e708f158ee39fe26f208dd8b9027906307d370d9"
        },
        {
          "path": "Util\/Report",
          "dir": true,
          "file": false,
          "perms": "0775",
          "size": 4096,
          "sha1": null
        },
        {
          "path": "Util\/Report\/Node",
          "dir": true,
          "file": false,
          "perms": "0775",
          "size": 4096,
          "sha1": null
        },
        {
          "path": "Util\/Report\/Node\/File.php",
          "dir": false,
          "file": true,
          "perms": "0664",
          "size": 28463,
          "sha1": "38267c7e430582f5441ed0b76e287a612835be4c"
        },
        {
          "path": "Util\/Report\/Node\/Directory.php",
          "dir": false,
          "file": true,
          "perms": "0664",
          "size": 10495,
          "sha1": "9fdfde93f9d53611ac624432dc9c02d3a8d08d5e"
        },
        {
          "path": "Util\/Report\/Node.php",
          "dir": false,
          "file": true,
          "perms": "0664",
          "size": 15652,
          "sha1": "9d31ab97b51c3fe09dd30ca0e59b7b0170215751"
        },
        {
          "path": "Util\/Report\/Template",
          "dir": true,
          "file": false,
          "perms": "0775",
          "size": 4096,
          "sha1": null
        },
        {
          "path": "Util\/Report\/Template\/chameleon.png",
          "dir": false,
          "file": true,
          "perms": "0664",
          "size": 150,
          "sha1": "8de04a976e78845486616c9b28726c153c35bdb5"
        },
        {
          "path": "Util\/Report\/Template\/yui_item.js",
          "dir": false,
          "file": true,
          "perms": "0664",
          "size": 129,
          "sha1": "bb270e2355f80e33dcb3e0215b9142fd239448a7"
        },
        {
          "path": "Util\/Report\/Template\/file_item.html.dist",
          "dir": false,
          "file": true,
          "perms": "0664",
          "size": 1882,
          "sha1": "185f21ec065cf36484f633c286876ab8485a87a3"
        },
        {
          "path": "Util\/Report\/Template\/directory_item.html.dist",
          "dir": false,
          "file": true,
          "perms": "0664",
          "size": 1882,
          "sha1": "6d5c749e64c1811f2fab978807c62142d8291e0c"
        },
        {
          "path": "Util\/Report\/Template\/close12_1.gif",
          "dir": false,
          "file": true,
          "perms": "0664",
          "size": 85,
          "sha1": "f1b3687c1a15f4d471d81f71b8bdf91998c92e1c"
        },
        {
          "path": "Util\/Report\/Template\/glass.png",
          "dir": false,
          "file": true,
          "perms": "0664",
          "size": 164,
          "sha1": "51033f4bcadf653091375055ceb2f851c53d719e"
        },
        {
          "path": "Util\/Report\/Template\/scarlet_red.png",
          "dir": false,
          "file": true,
          "perms": "0664",
          "size": 150,
          "sha1": "43cda7e229dc4210e36ba7d5ad1b13576c228654"
        },
        {
          "path": "Util\/Report\/Template\/snow.png",
          "dir": false,
          "file": true,
          "perms": "0664",
          "size": 138,
          "sha1": "d18c6f29cc533e841d410573967b440a3f85c142"
        },
        {
          "path": "Util\/Report\/Template\/directory.html.dist",
          "dir": false,
          "file": true,
          "perms": "0664",
          "size": 2514,
          "sha1": "b6fce6e01b02015bbfec22f1e0077362675a185b"
        },
        {
          "path": "Util\/Report\/Template\/butter.png",
          "dir": false,
          "file": true,
          "perms": "0664",
          "size": 150,
          "sha1": "dd47e260948357bec1c2195f942552a1fb02da7d"
        },
        {
          "path": "Util\/Report\/Template\/file.html.dist",
          "dir": false,
          "file": true,
          "perms": "0664",
          "size": 3930,
          "sha1": "7d6f457fd4412b5d3474bbd155f6fe6bd5f9a154"
        },
        {
          "path": "Util\/Report\/Template\/style.css",
          "dir": false,
          "file": true,
          "perms": "0664",
          "size": 8071,
          "sha1": "fd97abb3532abcd818c5b9b048bd3fdf5c4bc61f"
        },
        {
          "path": "Util\/Report\/Template\/container.css",
          "dir": false,
          "file": true,
          "perms": "0664",
          "size": 6837,
          "sha1": "8f6951bfe4585e744d903b1f2d6aa9f0460dd7b8"
        },
        {
          "path": "Util\/Report\/Template\/method_item.html.dist",
          "dir": false,
          "file": true,
          "perms": "0664",
          "size": 1297,
          "sha1": "12ac3dbbc9b50c3d818238f8b2f11d7ea44e3e0f"
        },
        {
          "path": "Util\/Report\/Template\/yahoo-dom-event.js",
          "dir": false,
          "file": true,
          "perms": "0664",
          "size": 36989,
          "sha1": "5b99b737ed1f2833e0960179faa07de2a7a8bab1"
        },
        {
          "path": "Util\/Report\/Template\/container-min.js",
          "dir": false,
          "file": true,
          "perms": "0664",
          "size": 74946,
          "sha1": "f2274d401e91d7f18628efede1760837afea1aa9"
        },
        {
          "path": "Util\/Report\/Template\/file_no_yui.html.dist",
          "dir": false,
          "file": true,
          "perms": "0664",
          "size": 2396,
          "sha1": "94c8376124a339a3870a74200544597facfcf562"
        },
        {
          "path": "Util\/PHP.php",
          "dir": false,
          "file": true,
          "perms": "0664",
          "size": 5646,
          "sha1": "03d275bc7bd40dbc2445b33619510476b2b36819"
        },
        {
          "path": "Util\/Filesystem.php",
          "dir": false,
          "file": true,
          "perms": "0664",
          "size": 11376,
          "sha1": "1d8b2491d93ffb2e0b9944d2f2b90c386fc0b4dc"
        },
        {
          "path": "Util\/GlobalState.php",
          "dir": false,
          "file": true,
          "perms": "0664",
          "size": 11270,
          "sha1": "82af557dd26f92cb1098faedf869a559cc411057"
        },
        {
          "path": "Util\/Test.php",
          "dir": false,
          "file": true,
          "perms": "0664",
          "size": 21622,
          "sha1": "cc159ca24b6baad675f90f2ed397e11bd2d16953"
        },
        {
          "path": "Util\/Configuration.php",
          "dir": false,
          "file": true,
          "perms": "0664",
          "size": 27197,
          "sha1": "40b7fda9a1abe9fba54aa151bdd503bdfbc41c2f"
        },
        {
          "path": "Util\/FilterIterator.php",
          "dir": false,
          "file": true,
          "perms": "0664",
          "size": 4869,
          "sha1": "207ee0be613accbaa53ce8363e78c34e46eb2973"
        },
        {
          "path": "Util\/Fileloader.php",
          "dir": false,
          "file": true,
          "perms": "0664",
          "size": 4986,
          "sha1": "1e658e14fa2c1051a3ad09d81957520733c78309"
        },
        {
          "path": "manifest.php",
          "dir": false,
          "file": true,
          "perms": "0664",
          "size": 568,
          "sha1": "60dbe6aeeced6b8ce4886e26ca265c815f5eedb8"
        },
        {
          "path": "Framework",
          "dir": true,
          "file": false,
          "perms": "0775",
          "size": 4096,
          "sha1": null
        },
        {
          "path": "Framework\/TestFailure.php",
          "dir": false,
          "file": true,
          "perms": "0664",
          "size": 7889,
          "sha1": "e9726eeaa09ca6473d311b8cf71342b693f0320a"
        },
        {
          "path": "Framework\/Warning.php",
          "dir": false,
          "file": true,
          "perms": "0664",
          "size": 3357,
          "sha1": "c2123d91dc0dfaa546ee5edf0a3666530abb9ecb"
        },
        {
          "path": "Framework\/TestSuite",
          "dir": true,
          "file": false,
          "perms": "0775",
          "size": 4096,
          "sha1": null
        },
        {
          "path": "Framework\/TestSuite\/DataProvider.php",
          "dir": false,
          "file": true,
          "perms": "0664",
          "size": 2904,
          "sha1": "d4305a4777524a818941ff9c7d10f66f8f32e054"
        },
        {
          "path": "Framework\/SkippedTest.php",
          "dir": false,
          "file": true,
          "perms": "0664",
          "size": 2612,
          "sha1": "08e7a862eaae22ef3d0c3459b13e83a06d345f3b"
        },
        {
          "path": "Framework\/ComparisonFailure.php",
          "dir": false,
          "file": true,
          "perms": "0664",
          "size": 7570,
          "sha1": "d722a3bc656d6ff9c400cce7dde392c7ea40dd8c"
        },
        {
          "path": "Framework\/IncompleteTest.php",
          "dir": false,
          "file": true,
          "perms": "0664",
          "size": 2693,
          "sha1": "ce17f6a3318e23f10c7e410deb2f822df01fb5a1"
        },
        {
          "path": "Framework\/Constraint",
          "dir": true,
          "file": false,
          "perms": "0775",
          "size": 4096,
          "sha1": null
        },
        {
          "path": "Framework\/Constraint\/StringContains.php",
          "dir": false,
          "file": true,
          "perms": "0664",
          "size": 4056,
          "sha1": "72861a33c867079de982fc3049e38249df422a60"
        },
        {
          "path": "Framework\/Constraint\/TraversableContains.php",
          "dir": false,
          "file": true,
          "perms": "0664",
          "size": 4363,
          "sha1": "8ccb8d19eb21f8abf891e25c34c50bd897431bfc"
        },
        {
          "path": "Framework\/Constraint\/LessThan.php",
          "dir": false,
          "file": true,
          "perms": "0664",
          "size": 3470,
          "sha1": "9e62bfa7a78c355296fd1cdb798031d8a9b3b235"
        },
        {
          "path": "Framework\/Constraint\/TraversableContainsOnly.php",
          "dir": false,
          "file": true,
          "perms": "0664",
          "size": 4008,
          "sha1": "3634036f525a8626e36bab50a8e8f1f1978c92bb"
        },
        {
          "path": "Framework\/Constraint\/Attribute.php",
          "dir": false,
          "file": true,
          "perms": "0664",
          "size": 4943,
          "sha1": "0074d15c2a98694985328536c478811e679c92de"
        },
        {
          "path": "Framework\/Constraint\/IsIdentical.php",
          "dir": false,
          "file": true,
          "perms": "0664",
          "size": 5018,
          "sha1": "260b2dd1d844c689bab7dbebac3fae10cff69709"
        },
        {
          "path": "Framework\/Constraint\/Or.php",
          "dir": false,
          "file": true,
          "perms": "0664",
          "size": 4440,
          "sha1": "0df4be182ea5912c71950bdce560a183cbdd020a"
        },
        {
          "path": "Framework\/Constraint\/IsEqual.php",
          "dir": false,
          "file": true,
          "perms": "0664",
          "size": 11582,
          "sha1": "619ca2bd2d1ed938991de53641b0ff57b2e96420"
        },
        {
          "path": "Framework\/Constraint\/PCREMatch.php",
          "dir": false,
          "file": true,
          "perms": "0664",
          "size": 3718,
          "sha1": "c21aa852d4fd54d1e90eec9ae66dc2c3b21de4a0"
        },
        {
          "path": "Framework\/Constraint\/IsNull.php",
          "dir": false,
          "file": true,
          "perms": "0664",
          "size": 3126,
          "sha1": "bc8216a03b2ddbf2d28a43e7abb8d71b7c52c395"
        },
        {
          "path": "Framework\/Constraint\/IsFalse.php",
          "dir": false,
          "file": true,
          "perms": "0664",
          "size": 3130,
          "sha1": "6abea2e57b5be828ce065e64e6e64cfbce5562dc"
        },
        {
          "path": "Framework\/Constraint\/IsTrue.php",
          "dir": false,
          "file": true,
          "perms": "0664",
          "size": 3126,
          "sha1": "a8e2456af84523e19d3499df7a9c8e5009b57c5f"
        },
        {
          "path": "Framework\/Constraint\/ArrayHasKey.php",
          "dir": false,
          "file": true,
          "perms": "0664",
          "size": 3950,
          "sha1": "7d1d0affa82b49df8710f26b389bb878e63b1e3e"
        },
        {
          "path": "Framework\/Constraint\/IsType.php",
          "dir": false,
          "file": true,
          "perms": "0664",
          "size": 5445,
          "sha1": "da19dcb9eb299d70403cbfb96f6e75cdc718290d"
        },
        {
          "path": "Framework\/Constraint\/Xor.php",
          "dir": false,
          "file": true,
          "perms": "0664",
          "size": 4576,
          "sha1": "48594bb93d4609df5809bf7e51a980f643e6b019"
        },
        {
          "path": "Framework\/Constraint\/FileExists.php",
          "dir": false,
          "file": true,
          "perms": "0664",
          "size": 4189,
          "sha1": "4aacb2565938aa02311380c1a604a7b1fb48f517"
        },
        {
          "path": "Framework\/Constraint\/ObjectHasAttribute.php",
          "dir": false,
          "file": true,
          "perms": "0664",
          "size": 3439,
          "sha1": "422c8f8a766a448be254e83a995378b39d437afa"
        },
        {
          "path": "Framework\/Constraint\/StringEndsWith.php",
          "dir": false,
          "file": true,
          "perms": "0664",
          "size": 3453,
          "sha1": "797c37cba83786d81c77c3b5244da1bb593aee77"
        },
        {
          "path": "Framework\/Constraint\/StringStartsWith.php",
          "dir": false,
          "file": true,
          "perms": "0664",
          "size": 3436,
          "sha1": "f309b34c47d7b015166761126a5c1000f81ffb95"
        },
        {
          "path": "Framework\/Constraint\/ClassHasStaticAttribute.php",
          "dir": false,
          "file": true,
          "perms": "0664",
          "size": 3685,
          "sha1": "3b603176f713ab31d5e50c810b92bece999cbbe3"
        },
        {
          "path": "Framework\/Constraint\/IsInstanceOf.php",
          "dir": false,
          "file": true,
          "perms": "0664",
          "size": 4640,
          "sha1": "3c9b07203f4fd8cd64eb50fc9d5ff795b50d2589"
        },
        {
          "path": "Framework\/Constraint\/GreaterThan.php",
          "dir": false,
          "file": true,
          "perms": "0664",
          "size": 3479,
          "sha1": "4c38ec48d5ebe8e25247927c9aafc5016897a1e4"
        },
        {
          "path": "Framework\/Constraint\/Not.php",
          "dir": false,
          "file": true,
          "perms": "0664",
          "size": 5006,
          "sha1": "b7e57ce0279f782954cf7c8ad28d80707f9f16ce"
        },
        {
          "path": "Framework\/Constraint\/ClassHasAttribute.php",
          "dir": false,
          "file": true,
          "perms": "0664",
          "size": 3857,
          "sha1": "333a8a36fcb2628de674373040b6241c4a5be89b"
        },
        {
          "path": "Framework\/Constraint\/And.php",
          "dir": false,
          "file": true,
          "perms": "0664",
          "size": 5238,
          "sha1": "ca85da00bbbc29b9aaa3defa1bde047e10bf59b2"
        },
        {
          "path": "Framework\/Constraint\/IsAnything.php",
          "dir": false,
          "file": true,
          "perms": "0664",
          "size": 3564,
          "sha1": "e5e44ad6420bd5c0fa5948b19e5a99b2b1e66e8d"
        },
        {
          "path": "Framework\/TestCase.php",
          "dir": false,
          "file": true,
          "perms": "0664",
          "size": 45561,
          "sha1": "155a0f6ba88682c7201ad21ed526a409c70668c9"
        },
        {
          "path": "Framework\/SkippedTestSuiteError.php",
          "dir": false,
          "file": true,
          "perms": "0664",
          "size": 2746,
          "sha1": "2bdfa095de753a4717f45c88fb4921eecb120548"
        },
        {
          "path": "Framework\/Exception.php",
          "dir": false,
          "file": true,
          "perms": "0664",
          "size": 2669,
          "sha1": "34f3c2275437ae1ef00d32fca1645355d98f5877"
        },
        {
          "path": "Framework\/TestListener.php",
          "dir": false,
          "file": true,
          "perms": "0664",
          "size": 4562,
          "sha1": "684005237daca9eeed7023ac06951b8e72850b4c"
        },
        {
          "path": "Framework\/ExpectationFailedException.php",
          "dir": false,
          "file": true,
          "perms": "0664",
          "size": 4106,
          "sha1": "e7d97a931442ae1ce45d08ba2e844bb30f3f885d"
        },
        {
          "path": "Framework\/Error.php",
          "dir": false,
          "file": true,
          "perms": "0664",
          "size": 2992,
          "sha1": "b48c8686059487a1f17854bea169690f975ddd07"
        },
        {
          "path": "Framework\/Constraint.php",
          "dir": false,
          "file": true,
          "perms": "0664",
          "size": 7165,
          "sha1": "af59e7d55b1aa807133a4aa1bce20981d9cb39cb"
        },
        {
          "path": "Framework\/MockObject",
          "dir": true,
          "file": false,
          "perms": "0775",
          "size": 4096,
          "sha1": null
        },
        {
          "path": "Framework\/MockObject\/Generator",
          "dir": true,
          "file": false,
          "perms": "0775",
          "size": 4096,
          "sha1": null
        },
        {
          "path": "Framework\/MockObject\/Generator\/wsdl_class.tpl.dist",
          "dir": false,
          "file": true,
          "perms": "0664",
          "size": 157,
          "sha1": "a419c9c6bfce621b40ac82547ed2b9d6d3a659a3"
        },
        {
          "path": "Framework\/MockObject\/Generator\/mocked_class.tpl.dist",
          "dir": false,
          "file": true,
          "perms": "0664",
          "size": 727,
          "sha1": "4a20cbff6e79df1d0f5e1e8b40b05ad91623e0a4"
        },
        {
          "path": "Framework\/MockObject\/Generator\/wsdl_method.tpl.dist",
          "dir": false,
          "file": true,
          "perms": "0664",
          "size": 60,
          "sha1": "084030e96155d42d1b92c117d5c728c402ff7e0e"
        },
        {
          "path": "Framework\/MockObject\/Generator\/mocked_clone.tpl.dist",
          "dir": false,
          "file": true,
          "perms": "0664",
          "size": 122,
          "sha1": "e10c1b377cc1e8ba1bcf008a1da29ef188acbf9f"
        },
        {
          "path": "Framework\/MockObject\/Generator\/mocked_method.tpl.dist",
          "dir": false,
          "file": true,
          "perms": "0664",
          "size": 336,
          "sha1": "f83dedc9cdb948d432871735b0ae26a0d456e576"
        },
        {
          "path": "Framework\/MockObject\/Generator\/unmocked_clone.tpl.dist",
          "dir": false,
          "file": true,
          "perms": "0664",
          "size": 149,
          "sha1": "ad26069e4db88ae80160996459b7c9e03e14021d"
        },
        {
          "path": "Framework\/MockObject\/Invokable.php",
          "dir": false,
          "file": true,
          "perms": "0664",
          "size": 3549,
          "sha1": "36086d2ad0a29326de72215fb9ac9e8fccf8ec2c"
        },
        {
          "path": "Framework\/MockObject\/Matcher",
          "dir": true,
          "file": false,
          "perms": "0775",
          "size": 4096,
          "sha1": null
        },
        {
          "path": "Framework\/MockObject\/Matcher\/AnyParameters.php",
          "dir": false,
          "file": true,
          "perms": "0664",
          "size": 3167,
          "sha1": "c223ddc64d5314d02dffc7b2408728266e918777"
        },
        {
          "path": "Framework\/MockObject\/Matcher\/InvokedRecorder.php",
          "dir": false,
          "file": true,
          "perms": "0664",
          "size": 3950,
          "sha1": "c7a2218ee0cec1acc7d6bddd16255a61a04486dc"
        },
        {
          "path": "Framework\/MockObject\/Matcher\/InvokedAtLeastOnce.php",
          "dir": false,
          "file": true,
          "perms": "0664",
          "size": 3534,
          "sha1": "e6b73e7c540f3cefe54ea1b5a1790076e14b4174"
        },
        {
          "path": "Framework\/MockObject\/Matcher\/InvokedCount.php",
          "dir": false,
          "file": true,
          "perms": "0664",
          "size": 5197,
          "sha1": "2d71fb2ef3bc2d211ad408083f8fc93eeeeb8e46"
        },
        {
          "path": "Framework\/MockObject\/Matcher\/AnyInvokedCount.php",
          "dir": false,
          "file": true,
          "perms": "0664",
          "size": 3040,
          "sha1": "bd3fe90d2bf4ba61987c6f7b5b0fc5665d340b9c"
        },
        {
          "path": "Framework\/MockObject\/Matcher\/InvokedAtIndex.php",
          "dir": false,
          "file": true,
          "perms": "0664",
          "size": 4683,
          "sha1": "0359e73236cf5c69c8a5fae58e0f18d711f3860e"
        },
        {
          "path": "Framework\/MockObject\/Matcher\/MethodName.php",
          "dir": false,
          "file": true,
          "perms": "0664",
          "size": 4174,
          "sha1": "db7a078ea6bc77520c8d77e0abfb2b07ae269640"
        },
        {
          "path": "Framework\/MockObject\/Matcher\/Invocation.php",
          "dir": false,
          "file": true,
          "perms": "0664",
          "size": 4195,
          "sha1": "5827e89ab5edf5fcbd1bcb07dce5344c975f766d"
        },
        {
          "path": "Framework\/MockObject\/Matcher\/Parameters.php",
          "dir": false,
          "file": true,
          "perms": "0664",
          "size": 5875,
          "sha1": "025a98d4edf9144d931d7d7d831a3d423e2858b2"
        },
        {
          "path": "Framework\/MockObject\/Matcher\/StatelessInvocation.php",
          "dir": false,
          "file": true,
          "perms": "0664",
          "size": 4255,
          "sha1": "f22a95f1c8b1f3d900dfbf9c3cbd3a0cc390b37a"
        },
        {
          "path": "Framework\/MockObject\/Builder",
          "dir": true,
          "file": false,
          "perms": "0775",
          "size": 4096,
          "sha1": null
        },
        {
          "path": "Framework\/MockObject\/Builder\/Match.php",
          "dir": false,
          "file": true,
          "perms": "0664",
          "size": 3038,
          "sha1": "39f775f16754473b0ce730bdf271592a5d2c3e0a"
        },
        {
          "path": "Framework\/MockObject\/Builder\/Namespace.php",
          "dir": false,
          "file": true,
          "perms": "0664",
          "size": 3573,
          "sha1": "b027ec6a20a4e93b19072dc98c6241fc36654fef"
        },
        {
          "path": "Framework\/MockObject\/Builder\/MethodNameMatch.php",
          "dir": false,
          "file": true,
          "perms": "0664",
          "size": 3190,
          "sha1": "442d34a4cecbc726c1c12dfbaf497c874f09507f"
        },
        {
          "path": "Framework\/MockObject\/Builder\/InvocationMocker.php",
          "dir": false,
          "file": true,
          "perms": "0664",
          "size": 6820,
          "sha1": "d2ddf6b72b0b7a1340c979a69bd57fe4e5e3ef51"
        },
        {
          "path": "Framework\/MockObject\/Builder\/ParametersMatch.php",
          "dir": false,
          "file": true,
          "perms": "0664",
          "size": 3792,
          "sha1": "bfffb1efe7c4ed75847575d3c1f069e1ef4347c9"
        },
        {
          "path": "Framework\/MockObject\/Builder\/Identity.php",
          "dir": false,
          "file": true,
          "perms": "0664",
          "size": 3109,
          "sha1": "ec42565956561e0f1a76f4908e3ea7b563c2517d"
        },
        {
          "path": "Framework\/MockObject\/Builder\/Stub.php",
          "dir": false,
          "file": true,
          "perms": "0664",
          "size": 3125,
          "sha1": "b4404b800b8f5c03583af3531b05727b5feae509"
        },
        {
          "path": "Framework\/MockObject\/InvocationMocker.php",
          "dir": false,
          "file": true,
          "perms": "0664",
          "size": 6466,
          "sha1": "bd39c0ec96708c22c44de090f031133e49c4cb8f"
        },
        {
          "path": "Framework\/MockObject\/Verifiable.php",
          "dir": false,
          "file": true,
          "perms": "0664",
          "size": 2883,
          "sha1": "a6ebe1c0199d2d57645346dcdabdb8bb00f42cf3"
        },
        {
          "path": "Framework\/MockObject\/Matcher.php",
          "dir": false,
          "file": true,
          "perms": "0664",
          "size": 10498,
          "sha1": "17ec0b1ae1cae8203f72a9e4a138bd6ab89dc9d1"
        },
        {
          "path": "Framework\/MockObject\/Stub",
          "dir": true,
          "file": false,
          "perms": "0775",
          "size": 4096,
          "sha1": null
        },
        {
          "path": "Framework\/MockObject\/Stub\/Return.php",
          "dir": false,
          "file": true,
          "perms": "0664",
          "size": 3169,
          "sha1": "1f8a403291fa625b549df2e486e4e6020c78468a"
        },
        {
          "path": "Framework\/MockObject\/Stub\/MatcherCollection.php",
          "dir": false,
          "file": true,
          "perms": "0664",
          "size": 3019,
          "sha1": "e15bef255187ae9b92fdc55844d909b9b77dd4ca"
        },
        {
          "path": "Framework\/MockObject\/Stub\/ReturnArgument.php",
          "dir": false,
          "file": true,
          "perms": "0664",
          "size": 3282,
          "sha1": "e5ffefc95cdfd49be9ecfe2be13a51035ed61e4a"
        },
        {
          "path": "Framework\/MockObject\/Stub\/Exception.php",
          "dir": false,
          "file": true,
          "perms": "0664",
          "size": 3324,
          "sha1": "ce232f4cac511779911e6e28ae21baa48924b4e9"
        },
        {
          "path": "Framework\/MockObject\/Stub\/ReturnCallback.php",
          "dir": false,
          "file": true,
          "perms": "0664",
          "size": 3733,
          "sha1": "3ba5b22411eb3b2d389a04ce6fddfa323970895a"
        },
        {
          "path": "Framework\/MockObject\/Stub\/ConsecutiveCalls.php",
          "dir": false,
          "file": true,
          "perms": "0664",
          "size": 3504,
          "sha1": "72d406f22482af0050b4115a53797a2e9468432b"
        },
        {
          "path": "Framework\/MockObject\/MockObject.php",
          "dir": false,
          "file": true,
          "perms": "0664",
          "size": 3748,
          "sha1": "2499b00a7084a32eb93633dc24ef9eb606b6c34e"
        },
        {
          "path": "Framework\/MockObject\/Invocation.php",
          "dir": false,
          "file": true,
          "perms": "0664",
          "size": 4835,
          "sha1": "56d4cd669eebef8d46982986cfe4a20b2acfbb6b"
        },
        {
          "path": "Framework\/MockObject\/Generator.php",
          "dir": false,
          "file": true,
          "perms": "0664",
          "size": 17086,
          "sha1": "8ec0fa970df62166b8c23e0d714e04826aa2fb7d"
        },
        {
          "path": "Framework\/MockObject\/Stub.php",
          "dir": false,
          "file": true,
          "perms": "0664",
          "size": 3710,
          "sha1": "60b50490b03adb38f6b4ad4c0ba1b95360584b8e"
        },
        {
          "path": "Framework\/Process",
          "dir": true,
          "file": false,
          "perms": "0775",
          "size": 4096,
          "sha1": null
        },
        {
          "path": "Framework\/Process\/TestCaseMethod.tpl.dist",
          "dir": false,
          "file": true,
          "perms": "0664",
          "size": 1117,
          "sha1": "70ae5e5d1866ea9d892916cbc4dfd04ce32d6de6"
        },
        {
          "path": "Framework\/AssertionFailedError.php",
          "dir": false,
          "file": true,
          "perms": "0664",
          "size": 2831,
          "sha1": "002fb5bc17abc55ba9c191432ddcdd34e32272cb"
        },
        {
          "path": "Framework\/TestResult.php",
          "dir": false,
          "file": true,
          "perms": "0664",
          "size": 21340,
          "sha1": "f6f3aa981ec195c870a17accd3f78931faceb1a5"
        },
        {
          "path": "Framework\/IncompleteTestError.php",
          "dir": false,
          "file": true,
          "perms": "0664",
          "size": 2745,
          "sha1": "a98e6c7f5afb880d26e5435ea29262bf193d4bc8"
        },
        {
          "path": "Framework\/Error",
          "dir": true,
          "file": false,
          "perms": "0775",
          "size": 4096,
          "sha1": null
        },
        {
          "path": "Framework\/Error\/Warning.php",
          "dir": false,
          "file": true,
          "perms": "0664",
          "size": 2777,
          "sha1": "434825a01643b373fb1dcb07a1b4ad13b60f5657"
        },
        {
          "path": "Framework\/Error\/Notice.php",
          "dir": false,
          "file": true,
          "perms": "0664",
          "size": 2774,
          "sha1": "eeaddda1cc1282ae83bc196ecd3bf81f63d4ce28"
        },
        {
          "path": "Framework\/SkippedTestError.php",
          "dir": false,
          "file": true,
          "perms": "0664",
          "size": 2735,
          "sha1": "3754a69a0364eeb97e2e2aca1b14261d6520e787"
        },
        {
          "path": "Framework\/ComparisonFailure",
          "dir": true,
          "file": false,
          "perms": "0775",
          "size": 4096,
          "sha1": null
        },
        {
          "path": "Framework\/ComparisonFailure\/String.php",
          "dir": false,
          "file": true,
          "perms": "0664",
          "size": 3292,
          "sha1": "55308b9f6e2f4cd5ba9a2ce433e7fe0c8c394ddf"
        },
        {
          "path": "Framework\/ComparisonFailure\/Type.php",
          "dir": false,
          "file": true,
          "perms": "0664",
          "size": 3029,
          "sha1": "cac50ab37c0f79ae6ff5acd906c58364eba468b6"
        },
        {
          "path": "Framework\/ComparisonFailure\/Object.php",
          "dir": false,
          "file": true,
          "perms": "0664",
          "size": 6876,
          "sha1": "6d73020df7a5fb3f9638b8f2e3c6640f9660013d"
        },
        {
          "path": "Framework\/ComparisonFailure\/Array.php",
          "dir": false,
          "file": true,
          "perms": "0664",
          "size": 4924,
          "sha1": "9e36385718914f5fe754e51e8c72cc154213863d"
        },
        {
          "path": "Framework\/ComparisonFailure\/Scalar.php",
          "dir": false,
          "file": true,
          "perms": "0664",
          "size": 2878,
          "sha1": "7e23dcefe4c2ffa5f8fcc567675571d310d41c1a"
        },
        {
          "path": "Framework\/TestSuite.php",
          "dir": false,
          "file": true,
          "perms": "0664",
          "size": 28390,
          "sha1": "196554f8f1a64884dd213bbe8b9f3b199213b4e9"
        },
        {
          "path": "Framework\/SelfDescribing.php",
          "dir": false,
          "file": true,
          "perms": "0664",
          "size": 2748,
          "sha1": "18f16edf7b8f4f1010b2b4da6d80783a507d6b01"
        },
        {
          "path": "Framework\/Test.php",
          "dir": false,
          "file": true,
          "perms": "0664",
          "size": 2863,
          "sha1": "7afac5575cf237b312559337f347571f7f0e9da2"
        },
        {
          "path": "Framework\/Assert.php",
          "dir": false,
          "file": true,
          "perms": "0664",
          "size": 71756,
          "sha1": "d0bee96134ef645e30d2e54424c4bec5f190969e"
        },
        {
          "path": "Framework.php",
          "dir": false,
          "file": true,
          "perms": "0664",
          "size": 3192,
          "sha1": "d1cecec463db1c35bfa7677fa9366f6d845dc6c6"
        },
        {
          "path": "TextUI",
          "dir": true,
          "file": false,
          "perms": "0775",
          "size": 4096,
          "sha1": null
        },
        {
          "path": "TextUI\/Command.php",
          "dir": false,
          "file": true,
          "perms": "0664",
          "size": 33961,
          "sha1": "f7ec25fc2351470e19f7e885e29d44a43e3efef3"
        },
        {
          "path": "TextUI\/ResultPrinter.php",
          "dir": false,
          "file": true,
          "perms": "0664",
          "size": 17864,
          "sha1": "7408a7cfc285fd43b5bc6460898962ef46857329"
        },
        {
          "path": "TextUI\/TestRunner.php",
          "dir": false,
          "file": true,
          "perms": "0664",
          "size": 33361,
          "sha1": "6831388fb5b32e00c696354e945f7dc4ed6c0d0e"
        },
        {
          "path": "Runner",
          "dir": true,
          "file": false,
          "perms": "0775",
          "size": 4096,
          "sha1": null
        },
        {
          "path": "Runner\/IncludePathTestCollector.php",
          "dir": false,
          "file": true,
          "perms": "0664",
          "size": 5162,
          "sha1": "533c972e3b5b35d8bad70da639b0d4efce081095"
        },
        {
          "path": "Runner\/Version.php",
          "dir": false,
          "file": true,
          "perms": "0664",
          "size": 2903,
          "sha1": "97f9bf50a9206d36d3dd998a304fefe164442ee5"
        },
        {
          "path": "Runner\/TestSuiteLoader.php",
          "dir": false,
          "file": true,
          "perms": "0664",
          "size": 2942,
          "sha1": "f49fbe48551656e226ad4ef7698a324440c46d62"
        },
        {
          "path": "Runner\/TestCollector.php",
          "dir": false,
          "file": true,
          "perms": "0664",
          "size": 2691,
          "sha1": "3ea8a26996e4cbc66b59a0e02db5233e306f838c"
        },
        {
          "path": "Runner\/StandardTestSuiteLoader.php",
          "dir": false,
          "file": true,
          "perms": "0664",
          "size": 6229,
          "sha1": "e1aa3a7d2446d27bd9488cbcaf2575b5cc6facff"
        },
        {
          "path": "Runner\/BaseTestRunner.php",
          "dir": false,
          "file": true,
          "perms": "0664",
          "size": 6019,
          "sha1": "36b1110dbb2cf0396420e44b9764a7c48938abc5"
        }
      ]
    }
  }
}