{
  "type": "module",
  "name": "chat",
  "version": "4.8.8",
  "revision": "10194",
  "path": "application\/modules\/Chat",
  "repository": null,
  "date": "Mon, 22 Jun 2015 17:06:09 +0000",
  "title": "Chat",
  "description": "Chat",
  "thumb": null,
  "developer": null,
  "authors": [
    "Webligo Developments"
  ],
  "changeLog": {
    "4.8.8": {
      "externals\/scripts\/core.js": "Fixed issue with sound manager swf getting broken when cloudfront CDN is used",
      "settings\/manifest.php": "Incremented version",
      "settings\/my.sql": "Incremented version"
    },
    "4.8.2": {
      "externals\/scripts\/core.js": "Improved request backoff for polling",
      "settings\/manifest.php": "Incremented version",
      "settings\/my.sql": "Incremented version"
    },
    "4.7.0": {
      "externals\/images\/*": "Optimized images",
      "externals\/scripts\/core.js": "Added support for HTML5 notifications",
      "externals\/styles\/main.css": "Added icon for notifications",
      "Plugin\/Core.php": "Added support for HTML5 notifications",
      "views\/scripts\/index\/index.tpl": "Added support for HTML5 notifications",
      "settings\/my.sql": "Incremented version",
      "settings\/changelog.php": "Incremented version",
      "settings\/manifest.php": "Incremented version"
    },
    "4.5.0": {
      "settings\/changelog.php": "Incremented version",
      "settings\/manifest.php": "Incremented version",
      "settings\/my.sql": "Incremented version"
    },
    "4.3.0": {
      "externals\/images\/admin\/add.png": "Added",
      "settings\/changelog.php": "Incremented version",
      "settings\/manifest.php": "Incremented version",
      "settings\/my.sql": "Incremented version",
      "views\/scripts\/admin-manage\/index.tpl": "Improved styles"
    },
    "4.2.5": {
      "settings\/changelog.php": "Incremented version",
      "settings\/manifest.php": "Incremented version",
      "settings\/my.sql": "Incremented version",
      "views\/scripts\/admin-manage\/index.tpl": "Add support links"
    },
    "4.2.1": {
      "controllers\/AjaxController.php": "Moving garbage collection to task scheduler",
      "Plugin\/Task\/Cleanup.php": "Added",
      "settings\/changelog.php": "Incremented version",
      "settings\/manifest.php": "Incremented version",
      "settings\/my-upgrade-4.2.0-4.2.1.sql": "Added",
      "settings\/my.sql": "Incremented version"
    },
    "4.2.0": {
      "controllers\/AdminSettingsController.php": "Fixed notice",
      "externals\/scripts\/core.js": "Added namespace for Wibiya compatibility",
      "Model\/DbTable\/Rooms.php": "Fixed warning",
      "settings\/changelog.php": "Incremented version",
      "settings\/manifest.php": "Incremented version",
      "settings\/my-upgrade-4.1.8p1-4.2.0.sql": "Added",
      "settings\/my.sql": "Incremented version"
    },
    "4.1.8p1": {
      "controllers\/IndexController.php": "Added room count rebuild",
      "externals\/scripts\/core.js": "Fixed errors caused by null user objects; Fixed issue with CDN\/Flash cross-domain",
      "Model\/DbTable\/Rooms.php": "Added room count rebuild",
      "Plugin\/Core.php": "Added cleanup hooks for deleted users",
      "settings\/changelog.php": "Incremented version",
      "settings\/manifest.php": "Incremented version",
      "settings\/my.sql": "Incremented version"
    },
    "4.1.8": {
      "controllers\/IndexController.php": "Added pages to the layout editor",
      "externals\/.htaccess": "Updated with far-future expires headers for static resources",
      "externals\/scripts\/core.js": "Removed contentEditable support; Added static base URL for CDN support",
      "externals\/styles\/main.css": "Removed contentEditable support",
      "Model\/DbTable\/Users.php": "Fixed issue where friends would not appear online immediately",
      "Model\/User.php": "Fixed issue where friends would not appear online immediately",
      "Plugin\/Core.php": "Added static base URL for CDN support",
      "settings\/changelog.php": "Incremented version",
      "settings\/install.php": "Added pages to the layout editor",
      "settings\/manifest.php": "Incremented version",
      "settings\/my.sql": "Incremented version",
      "views\/scripts\/index\/index.tpl": "Added static base URL for CDN support",
      "widgets\/chat\/index.tpl": "Added pages to the layout editor"
    },
    "4.1.7": {
      "externals\/scripts\/core.js": "Removed contentEditable for mootools 1.3 compatibility",
      "settings\/changelog.php": "Incremented version",
      "settings\/manifest.php": "Incremented version",
      "settings\/my.sql": "Incremented version"
    },
    "4.1.4": {
      "externals\/scripts\/core.js": "Fixed issue with text input in mobile browsers",
      "externals\/styles\/main.css": "Added svn:keywords Id",
      "externals\/styles\/mobile.css": "Added",
      "Model\/RoomUser.php": "Fixes issue where IM and chat would not work if the mysql connection timezone could not be changed",
      "Plugin\/Core.php": "Fixed issue with text input in mobile browsers",
      "settings\/changelog.php": "Incremented version",
      "settings\/manifest.php": "Incremented version",
      "settings\/my.sql": "Incremented version",
      "views\/scripts\/index\/index.tpl": "Fixed issue with text input in mobile browsers"
    },
    "4.1.3": {
      "externals\/scripts\/core.js": "Fixed issue with low delays causing excess server load",
      "settings\/changelog.php": "Incremented version",
      "settings\/manifest.php": "Incremented version",
      "settings\/my.sql": "Incremented version"
    },
    "4.1.2": {
      "controllers\/AjaxController.php": "Fixed error on missing users",
      "controllers\/IndexController.php": "Widget compatibility",
      "externals\/scripts\/core.js": "Fixed disconnection issue with IE8; fixed issue with system messages",
      "lite.php": "Added cache-control headers",
      "settings\/changelog.php": "Incremented version",
      "settings\/content.php": "Added",
      "settings\/manifest.php": "Incremented version",
      "settings\/my.sql": "Incremented version",
      "views\/scripts\/index\/index.tpl": "Widget compatibility",
      "widgets\/chat\/Controller.php": "Added",
      "widgets\/chat\/index.tpl": "Added"
    },
    "4.1.1": {
      "externals\/.htaccess": "Added keywords; removed deprecated code",
      "externals\/styles\/main.css": "IE formatting fix",
      "settings\/changelog.php": "Incremented version",
      "settings\/manifest.php": "Incremented version",
      "settings\/my.sql": "Incremented version"
    },
    "4.1.0": {
      "\/application\/languages\/en\/chat.csv": "Added phrases",
      "controllers\/AdminSettingsController.php": "Removed global on\/off settings",
      "controllers\/AjaxController.php": "Rooms are ordered by title",
      "controllers\/IndexController.php": "Fixes issue with level settings disabling chat",
      "externals\/ding.mp3": "Added for IM sound, compliments http:\/\/soundbible.com\/1127-Computer-Error.html",
      "externals\/scripts\/core.js": "Added IM sound; AJAX requests are sent through index.php now to address baseUrl issues with profile address; added translations for site-wide IM chat",
      "Form\/Admin\/Settings\/Global.php": "Removed global on\/off settings",
      "Model\/DbTable\/RoomUsers.php": "Fixes issue where IM and chat would not work if the mysql connection timezone could not be changed",
      "Model\/DbTable\/Users.php": "Fixes issue where IM and chat would not work if the mysql connection timezone could not be changed",
      "Model\/Message.php": "Fixes issue with system messages when using mysql adapter",
      "Plugin\/Core.php": "Added soundmanager for IM sound; fixes issue with level settings disabling chat",
      "settings\/changelog.php": "Incremented version",
      "settings\/manifest.php": "Incremented version",
      "settings\/my-upgrade-4.0.4-4.1.0.sql": "Added",
      "settings\/my.sql": "Incremented version",
      "views\/scripts\/index\/index.tpl": "Fixes issue with level settings disabling chat, IE not seeing list of rooms"
    },
    "4.0.4": {
      "controllers\/AdminManageController.php": "Added pagination",
      "externals\/scripts\/core.js": "Added missing translation",
      "Plugin\/Core.php": "Added missing translation",
      "settings\/changelog.php": "Added",
      "settings\/manifest.php": "Incremented version",
      "settings\/my.sql": "Incremented version",
      "views\/scripts\/admin-manage\/index.tpl": "Added pagination"
    },
    "4.0.3": {
      "controllers\/AdminSettingsController.php": "Fixed warning message",
      "controllers\/IndexController.php": "Removed deprecated code",
      "Bootstrap.php": "Removed deprecated code",
      "externals\/scripts\/core.js": "Improved language and localization support",
      "externals\/styles\/mains.css": "Improved RTL support",
      "Plugin\/Core.php": "Improved language support",
      "views\/scripts\/index\/index.tpl": "Improved language support",
      "views\/scripts\/index\/language.tpl": "Removed",
      "settings\/manifest.php": "Incremented version",
      "settings\/my-upgrade-4.0.2-4.0.3.sql": "Added",
      "settings\/my.sql": "Incremented version",
      "\/application\/languages\/en\/chat.csv": "Added missing phrases"
    },
    "4.0.2": {
      "controllers\/AdminSettingsController.php": "Various level settings fixes and enhancements",
      "Form\/Admin\/Settings\/Level.php": "Various level settings fixes and enhancements",
      "settings\/manifest.php": "Incremented version",
      "settings\/my-upgrade-4.0.1-4.0.2.sql": "Added",
      "settings\/my.sql": "Various level settings fixes and enhancements"
    },
    "4.0.1": {
      "controllers\/AdminSettingsController.php": "Fixed typo",
      "settings\/manifest.php": "Incremented version"
    }
  },
  "meta": {
    "date": "Mon, 22 Jun 2015 17:06:09 +0000",
    "title": "Chat",
    "description": "Chat",
    "developer": null,
    "authors": [
      "Webligo Developments"
    ],
    "changeLog": null
  },
  "actions": [
    "install",
    "upgrade",
    "refresh",
    "enable",
    "disable"
  ],
  "callback": {
    "path": "application\/modules\/Chat\/settings\/install.php",
    "class": "Chat_Installer",
    "priority": 100
  },
  "dependencies": {
    "module-core": {
      "type": "module",
      "name": "core",
      "guid": "module-core",
      "minVersion": "4.2.0",
      "maxVersion": null,
      "excludeExcept": null
    }
  },
  "tests": [
    
  ],
  "permissions": [
    
  ],
  "structure": {
    "application\/modules\/Chat": {
      "type": "directory",
      "path": "application\/modules\/Chat",
      "structure": [
        {
          "path": "settings",
          "dir": true,
          "file": false,
          "perms": "0775",
          "size": 4096,
          "sha1": null
        },
        {
          "path": "settings\/my-upgrade-4.0.4-4.1.0.sql",
          "dir": false,
          "file": true,
          "perms": "0775",
          "size": 487,
          "sha1": "45ec93c7111596564201ca5ed4c939795c4557da"
        },
        {
          "path": "settings\/manifest.php",
          "dir": false,
          "file": true,
          "perms": "0775",
          "size": 1885,
          "sha1": "f9d2fe6dd97b96bd29dc01455303b2fbc30666e6"
        },
        {
          "path": "settings\/install.php",
          "dir": false,
          "file": true,
          "perms": "0775",
          "size": 2191,
          "sha1": "b33b3484cca95b13077464a4a0b4be0652cb6495"
        },
        {
          "path": "settings\/changelog.php",
          "dir": false,
          "file": true,
          "perms": "0775",
          "size": 9696,
          "sha1": "e7cca5a63e63d4141c04ab1d92276a9a0e424b3b"
        },
        {
          "path": "settings\/content.php",
          "dir": false,
          "file": true,
          "perms": "0775",
          "size": 601,
          "sha1": "567fcdfe19430d97215ac6ef97756d6f19afd83f"
        },
        {
          "path": "settings\/my-upgrade-4.0.1-4.0.2.sql",
          "dir": false,
          "file": true,
          "perms": "0775",
          "size": 506,
          "sha1": "08f8a5cc1597bb49e880e19233dbad4507cc7f01"
        },
        {
          "path": "settings\/my-upgrade-4.2.0-4.2.1.sql",
          "dir": false,
          "file": true,
          "perms": "0775",
          "size": 267,
          "sha1": "323fd88414638fef6e8a09f6cd573cb0e1d66c61"
        },
        {
          "path": "settings\/my-upgrade-4.0.2-4.0.3.sql",
          "dir": false,
          "file": true,
          "perms": "0775",
          "size": 309,
          "sha1": "899d18b1cbbd9592b99029b21de243394ce20ec8"
        },
        {
          "path": "settings\/my-upgrade-4.1.8p1-4.2.0.sql",
          "dir": false,
          "file": true,
          "perms": "0775",
          "size": 53,
          "sha1": "02135a17d2aed53132772582c7ad6cb7131bc072"
        },
        {
          "path": "settings\/my.sql",
          "dir": false,
          "file": true,
          "perms": "0775",
          "size": 7439,
          "sha1": "bbabc0e943f37b45e1563b5090b89d228de2ad85"
        },
        {
          "path": "Plugin",
          "dir": true,
          "file": false,
          "perms": "0775",
          "size": 4096,
          "sha1": null
        },
        {
          "path": "Plugin\/Task",
          "dir": true,
          "file": false,
          "perms": "0775",
          "size": 4096,
          "sha1": null
        },
        {
          "path": "Plugin\/Task\/Cleanup.php",
          "dir": false,
          "file": true,
          "perms": "0775",
          "size": 957,
          "sha1": "3b4edee55d10bb283c18bb346ef4306b9bab3ca6"
        },
        {
          "path": "Plugin\/Core.php",
          "dir": false,
          "file": true,
          "perms": "0775",
          "size": 4713,
          "sha1": "5f38592898bbae384c5ef9f5a8fab157ec20c168"
        },
        {
          "path": "Form",
          "dir": true,
          "file": false,
          "perms": "0775",
          "size": 4096,
          "sha1": null
        },
        {
          "path": "Form\/Admin",
          "dir": true,
          "file": false,
          "perms": "0775",
          "size": 4096,
          "sha1": null
        },
        {
          "path": "Form\/Admin\/Room",
          "dir": true,
          "file": false,
          "perms": "0775",
          "size": 4096,
          "sha1": null
        },
        {
          "path": "Form\/Admin\/Room\/Delete.php",
          "dir": false,
          "file": true,
          "perms": "0775",
          "size": 1182,
          "sha1": "729698fcfaacd06ad54460531dbd8bcc205dd869"
        },
        {
          "path": "Form\/Admin\/Room\/Edit.php",
          "dir": false,
          "file": true,
          "perms": "0775",
          "size": 1258,
          "sha1": "f12a52570564fe22708fd6c139954b6edcd1f1c0"
        },
        {
          "path": "Form\/Admin\/Room\/Create.php",
          "dir": false,
          "file": true,
          "perms": "0775",
          "size": 1318,
          "sha1": "0e419090d071ccafdfadada95b827da8be41166e"
        },
        {
          "path": "Form\/Admin\/Settings",
          "dir": true,
          "file": false,
          "perms": "0775",
          "size": 4096,
          "sha1": null
        },
        {
          "path": "Form\/Admin\/Settings\/Level.php",
          "dir": false,
          "file": true,
          "perms": "0775",
          "size": 1441,
          "sha1": "ca9aec6b0f3bb309c7b63441a92bb36ee72099b3"
        },
        {
          "path": "Form\/Admin\/Settings\/Global.php",
          "dir": false,
          "file": true,
          "perms": "0775",
          "size": 1455,
          "sha1": "561716dcd20366179537d13b34f4e3fb95560988"
        },
        {
          "path": "Bootstrap.php",
          "dir": false,
          "file": true,
          "perms": "0775",
          "size": 554,
          "sha1": "e57c4f997950fc87ca8ee611abb491474984f47a"
        },
        {
          "path": "lite.php",
          "dir": false,
          "file": true,
          "perms": "0775",
          "size": 1261,
          "sha1": "fdbb909bed63cc8f0329b328ce2ab681689c9c0c"
        },
        {
          "path": "views",
          "dir": true,
          "file": false,
          "perms": "0775",
          "size": 4096,
          "sha1": null
        },
        {
          "path": "views\/scripts",
          "dir": true,
          "file": false,
          "perms": "0775",
          "size": 4096,
          "sha1": null
        },
        {
          "path": "views\/scripts\/admin-manage",
          "dir": true,
          "file": false,
          "perms": "0775",
          "size": 4096,
          "sha1": null
        },
        {
          "path": "views\/scripts\/admin-manage\/index.tpl",
          "dir": false,
          "file": true,
          "perms": "0775",
          "size": 2885,
          "sha1": "c0dc03510d4a9a57a0cc58af9ce716467baeb10e"
        },
        {
          "path": "views\/scripts\/admin-manage\/form.tpl",
          "dir": false,
          "file": true,
          "perms": "0775",
          "size": 637,
          "sha1": "ae0030997a21b960ea6eb30a71730ec3a6663612"
        },
        {
          "path": "views\/scripts\/admin-settings",
          "dir": true,
          "file": false,
          "perms": "0775",
          "size": 4096,
          "sha1": null
        },
        {
          "path": "views\/scripts\/admin-settings\/index.tpl",
          "dir": false,
          "file": true,
          "perms": "0775",
          "size": 674,
          "sha1": "92933741ef52d67038bf36079efd427ac91294eb"
        },
        {
          "path": "views\/scripts\/admin-settings\/level.tpl",
          "dir": false,
          "file": true,
          "perms": "0775",
          "size": 882,
          "sha1": "9c1bb725988a8f493dbd8545be689b9d48f417d1"
        },
        {
          "path": "views\/scripts\/index",
          "dir": true,
          "file": false,
          "perms": "0775",
          "size": 4096,
          "sha1": null
        },
        {
          "path": "views\/scripts\/index\/index.tpl",
          "dir": false,
          "file": true,
          "perms": "0775",
          "size": 2841,
          "sha1": "c4da5be99281dce151830279a47ccfa2b373b196"
        },
        {
          "path": "widgets",
          "dir": true,
          "file": false,
          "perms": "0775",
          "size": 4096,
          "sha1": null
        },
        {
          "path": "widgets\/chat",
          "dir": true,
          "file": false,
          "perms": "0775",
          "size": 4096,
          "sha1": null
        },
        {
          "path": "widgets\/chat\/index.tpl",
          "dir": false,
          "file": true,
          "perms": "0775",
          "size": 443,
          "sha1": "e132488c596ef5d75b25c843f86a6b59c0687c6f"
        },
        {
          "path": "widgets\/chat\/Controller.php",
          "dir": false,
          "file": true,
          "perms": "0775",
          "size": 814,
          "sha1": "e1b9b8cc97394521d56be633894d9782f6f38735"
        },
        {
          "path": "externals",
          "dir": true,
          "file": false,
          "perms": "0775",
          "size": 4096,
          "sha1": null
        },
        {
          "path": "externals\/.htaccess",
          "dir": false,
          "file": true,
          "perms": "0775",
          "size": 1042,
          "sha1": "6c835f103d253edf70bfd5ba2430ebe3fa8cacdd"
        },
        {
          "path": "externals\/styles",
          "dir": true,
          "file": false,
          "perms": "0775",
          "size": 4096,
          "sha1": null
        },
        {
          "path": "externals\/styles\/mobile.css",
          "dir": false,
          "file": true,
          "perms": "0775",
          "size": 62,
          "sha1": "dde9470d28b1e04f01ff4fbbf3ceae83684494c8"
        },
        {
          "path": "externals\/styles\/main.css",
          "dir": false,
          "file": true,
          "perms": "0775",
          "size": 13985,
          "sha1": "3c9f7a84fa01b6213b70afdfc27f04240d03c738"
        },
        {
          "path": "externals\/scripts",
          "dir": true,
          "file": false,
          "perms": "0775",
          "size": 4096,
          "sha1": null
        },
        {
          "path": "externals\/scripts\/core.js",
          "dir": false,
          "file": true,
          "perms": "0775",
          "size": 62522,
          "sha1": "801d7c2ad51d2b486ddc92325e129f9e496c297f"
        },
        {
          "path": "externals\/images",
          "dir": true,
          "file": false,
          "perms": "0775",
          "size": 4096,
          "sha1": null
        },
        {
          "path": "externals\/images\/status_online.png",
          "dir": false,
          "file": true,
          "perms": "0775",
          "size": 295,
          "sha1": "97deda5f041d16c2195e4b4db6dda79b8552a173"
        },
        {
          "path": "externals\/images\/state_online.png",
          "dir": false,
          "file": true,
          "perms": "0775",
          "size": 583,
          "sha1": "34c709875f4029dfae6eba5a152bef8337170910"
        },
        {
          "path": "externals\/images\/less.png",
          "dir": false,
          "file": true,
          "perms": "0775",
          "size": 249,
          "sha1": "f677dcec2260f5dea6107cb6de532055865fe1c2"
        },
        {
          "path": "externals\/images\/window_hide.png",
          "dir": false,
          "file": true,
          "perms": "0775",
          "size": 129,
          "sha1": "afe1ec9029c84f91c3539893206b0e12e7650e11"
        },
        {
          "path": "externals\/images\/smilies",
          "dir": true,
          "file": false,
          "perms": "0775",
          "size": 4096,
          "sha1": null
        },
        {
          "path": "externals\/images\/smilies\/embarrassed.png",
          "dir": false,
          "file": true,
          "perms": "0775",
          "size": 713,
          "sha1": "9f00a952a7c97d900b0115435b9e20f006924b33"
        },
        {
          "path": "externals\/images\/smilies\/mad.png",
          "dir": false,
          "file": true,
          "perms": "0775",
          "size": 3402,
          "sha1": "8bbab979e854bbf84de6f89badcfe1a46d1bf6e0"
        },
        {
          "path": "externals\/images\/smilies\/frown.png",
          "dir": false,
          "file": true,
          "perms": "0775",
          "size": 738,
          "sha1": "27e4f0048b7e11a11e0050faac94bb7bb69ab9f4"
        },
        {
          "path": "externals\/images\/smilies\/cool.png",
          "dir": false,
          "file": true,
          "perms": "0775",
          "size": 813,
          "sha1": "301eaa4db0af1251d93dae7904e5b71a4b15e729"
        },
        {
          "path": "externals\/images\/smilies\/neutral.png",
          "dir": false,
          "file": true,
          "perms": "0775",
          "size": 695,
          "sha1": "e1b9539a208679f8e7ed028d55fa3f0b42a6253f"
        },
        {
          "path": "externals\/images\/smilies\/wink.png",
          "dir": false,
          "file": true,
          "perms": "0775",
          "size": 744,
          "sha1": "b3785da0cbf2c8566cb535dcf55b2730b5224899"
        },
        {
          "path": "externals\/images\/smilies\/nervous.png",
          "dir": false,
          "file": true,
          "perms": "0775",
          "size": 3432,
          "sha1": "2cdb0479e4bb2c8f695d5eaa8d20f65a682658b0"
        },
        {
          "path": "externals\/images\/smilies\/cry.png",
          "dir": false,
          "file": true,
          "perms": "0775",
          "size": 760,
          "sha1": "58e19ed6a7fde108484060032a44b7f5f44d1794"
        },
        {
          "path": "externals\/images\/smilies\/grin.png",
          "dir": false,
          "file": true,
          "perms": "0775",
          "size": 759,
          "sha1": "7e84cc9b6b951b0122b81178156c93ce07369955"
        },
        {
          "path": "externals\/images\/smilies\/lol.png",
          "dir": false,
          "file": true,
          "perms": "0775",
          "size": 774,
          "sha1": "9d88c2dcfc7985b4335c77d112464ad9e406c125"
        },
        {
          "path": "externals\/images\/smilies\/confused.png",
          "dir": false,
          "file": true,
          "perms": "0775",
          "size": 759,
          "sha1": "511a8a037740d4a634161e7f1453e67c68d01f58"
        },
        {
          "path": "externals\/images\/smilies\/tongue.png",
          "dir": false,
          "file": true,
          "perms": "0775",
          "size": 733,
          "sha1": "ac0c93e2160fb9e91c30767775d64444ad0f06c4"
        },
        {
          "path": "externals\/images\/smilies\/smile.png",
          "dir": false,
          "file": true,
          "perms": "0775",
          "size": 742,
          "sha1": "bac5f5766b6a20565a8fb995345b4e41d24daac0"
        },
        {
          "path": "externals\/images\/status_away.png",
          "dir": false,
          "file": true,
          "perms": "0775",
          "size": 283,
          "sha1": "d0d28f29758f415681244fc0c5fad8d600c8afe5"
        },
        {
          "path": "externals\/images\/status_offline.png",
          "dir": false,
          "file": true,
          "perms": "0775",
          "size": 287,
          "sha1": "67d5027a975020a79b99a0839ad7e6c6fd84e5b7"
        },
        {
          "path": "externals\/images\/admin",
          "dir": true,
          "file": false,
          "perms": "0775",
          "size": 4096,
          "sha1": null
        },
        {
          "path": "externals\/images\/admin\/add.png",
          "dir": false,
          "file": true,
          "perms": "0775",
          "size": 733,
          "sha1": "b6244b0027a8c9f702b311cb5b2ab8cc64f3b5f2"
        },
        {
          "path": "externals\/images\/notifications_off.png",
          "dir": false,
          "file": true,
          "perms": "0775",
          "size": 705,
          "sha1": "0e842076ae5b8b76fb874108a0b6dd3a91cf9bd1"
        },
        {
          "path": "externals\/images\/friends_online.png",
          "dir": false,
          "file": true,
          "perms": "0775",
          "size": 741,
          "sha1": "69e8e7677576ef6e15e15b9c0c34b95594f83cb6"
        },
        {
          "path": "externals\/images\/more.png",
          "dir": false,
          "file": true,
          "perms": "0775",
          "size": 250,
          "sha1": "e90346d849a29a3c679b6b3b01f406d6e88dd188"
        },
        {
          "path": "externals\/images\/notifications_on.png",
          "dir": false,
          "file": true,
          "perms": "0775",
          "size": 782,
          "sha1": "5a984aa9106746df874b6c25b911b1fd13c4f5bd"
        },
        {
          "path": "externals\/images\/window_close.png",
          "dir": false,
          "file": true,
          "perms": "0775",
          "size": 146,
          "sha1": "fdc2c4a523ce0235cf5501cd0463f54ebac296ca"
        },
        {
          "path": "externals\/images\/state_offline.png",
          "dir": false,
          "file": true,
          "perms": "0775",
          "size": 389,
          "sha1": "88c2dfdb7586a968449ea7b7f2ba2ac0ec1fdb99"
        },
        {
          "path": "externals\/images\/status_idle.png",
          "dir": false,
          "file": true,
          "perms": "0775",
          "size": 211,
          "sha1": "4e5538f9dd4439f5d6f4c7821aee942ead663f1c"
        },
        {
          "path": "externals\/ding.mp3",
          "dir": false,
          "file": true,
          "perms": "0775",
          "size": 11571,
          "sha1": "8cddaacaec46cdca7b80e8a51310af4703f96610"
        },
        {
          "path": "Model",
          "dir": true,
          "file": false,
          "perms": "0775",
          "size": 4096,
          "sha1": null
        },
        {
          "path": "Model\/Event.php",
          "dir": false,
          "file": true,
          "perms": "0775",
          "size": 2310,
          "sha1": "bce5fb2037bfcb7f365fc7736f5b05680b26395d"
        },
        {
          "path": "Model\/Message.php",
          "dir": false,
          "file": true,
          "perms": "0775",
          "size": 2131,
          "sha1": "51a8731535b78b4d9a5f6d851564509642622333"
        },
        {
          "path": "Model\/RoomUser.php",
          "dir": false,
          "file": true,
          "perms": "0775",
          "size": 4729,
          "sha1": "f84a6a869b9e2f53c4c51c1562642b58570138c5"
        },
        {
          "path": "Model\/Whisper.php",
          "dir": false,
          "file": true,
          "perms": "0775",
          "size": 2069,
          "sha1": "7561c3163a0908aaafff1cde1380adf1cdbf8f30"
        },
        {
          "path": "Model\/Exception.php",
          "dir": false,
          "file": true,
          "perms": "0775",
          "size": 535,
          "sha1": "31101b6eac68ef36fb51e55d05391662ff947dda"
        },
        {
          "path": "Model\/DbTable",
          "dir": true,
          "file": false,
          "perms": "0775",
          "size": 4096,
          "sha1": null
        },
        {
          "path": "Model\/DbTable\/RoomUsers.php",
          "dir": false,
          "file": true,
          "perms": "0775",
          "size": 1315,
          "sha1": "3acd8c99bcaa4a9afffe50d01dc81e5cbd7e0318"
        },
        {
          "path": "Model\/DbTable\/Rooms.php",
          "dir": false,
          "file": true,
          "perms": "0775",
          "size": 897,
          "sha1": "1abc9bec2bfa886d596e31a71982db9930c8c65c"
        },
        {
          "path": "Model\/DbTable\/Messages.php",
          "dir": false,
          "file": true,
          "perms": "0775",
          "size": 588,
          "sha1": "00c9ed281a3557cd888c5b80c36c5f644ac54c9a"
        },
        {
          "path": "Model\/DbTable\/Users.php",
          "dir": false,
          "file": true,
          "perms": "0775",
          "size": 2221,
          "sha1": "2a3101f8ef4e56afb85dd55eb4636c4ef201c02a"
        },
        {
          "path": "Model\/DbTable\/Whispers.php",
          "dir": false,
          "file": true,
          "perms": "0775",
          "size": 2317,
          "sha1": "421318d36cf683055e3cfbce91650207263790ea"
        },
        {
          "path": "Model\/DbTable\/Events.php",
          "dir": false,
          "file": true,
          "perms": "0775",
          "size": 1284,
          "sha1": "7ac61c863de184a0ae82ff2cf7fea5517b457d3e"
        },
        {
          "path": "Model\/Room.php",
          "dir": false,
          "file": true,
          "perms": "0775",
          "size": 4090,
          "sha1": "7baa626e69556b81badf41ed1f6332aa274afa48"
        },
        {
          "path": "Model\/User.php",
          "dir": false,
          "file": true,
          "perms": "0775",
          "size": 6222,
          "sha1": "f5faa4a6a5baf0c8a3563b87a044cd37e97ea8fc"
        },
        {
          "path": "controllers",
          "dir": true,
          "file": false,
          "perms": "0775",
          "size": 4096,
          "sha1": null
        },
        {
          "path": "controllers\/AdminManageController.php",
          "dir": false,
          "file": true,
          "perms": "0775",
          "size": 2714,
          "sha1": "f782560780377ae0ec7ba629d4e102c1242521a8"
        },
        {
          "path": "controllers\/AjaxController.php",
          "dir": false,
          "file": true,
          "perms": "0775",
          "size": 15259,
          "sha1": "8f379f5a69172471c2eb87509df3beb63ab85519"
        },
        {
          "path": "controllers\/AdminSettingsController.php",
          "dir": false,
          "file": true,
          "perms": "0775",
          "size": 4135,
          "sha1": "4b00c326508fbf74ccde6b42937f691b63eabea4"
        },
        {
          "path": "controllers\/IndexController.php",
          "dir": false,
          "file": true,
          "perms": "0775",
          "size": 1706,
          "sha1": "a5750f808da5fc01ec60b999af029d248f327ca1"
        }
      ]
    },
    "application\/languages\/en\/chat.csv": {
      "type": "file",
      "path": "application\/languages\/en\/chat.csv",
      "structure": {
        "path": "chat.csv",
        "dir": false,
        "file": true,
        "perms": "0775",
        "size": 2571,
        "sha1": "174711ff7dc7076d6378b69344f0139daca44bd0"
      }
    }
  }
}