{
  "type": "module",
  "name": "group",
  "version": "4.8.9",
  "revision": "10271",
  "path": "application\/modules\/Group",
  "repository": null,
  "date": "Mon, 22 Jun 2015 17:06:09 +0000",
  "title": "Groups",
  "description": "Groups",
  "thumb": null,
  "developer": null,
  "authors": [
    "Webligo Developments"
  ],
  "changeLog": {
    "4.8.9": {
      "controllers\/MemberController.php": "Members' names sorted in alphabetical order for inviting members to join a group",
      "settings\/manifest.php": "Incremented version",
      "settings\/my.sql": "Incremented version"
    },
    "4.8.7": {
      "controllers\/IndexController.php": "Fixed error that was coming while searching for \"Only My Friends' groups\" on Manage Groups page",
      "Form\/Post\/Create.php": "Fixed log error",
      "Model\/DbTable\/Groups.php": "Fixed log errors",
      "settings\/changelog.php": "Incremented version",
      "settings\/manifest.php": "Incremented version",
      "settings\/my.sql": " Incremented version and added \"iframe\" to the list of default tags in the member level settings",
      "views\/scripts\/topic\/view.tpl": "Fixed \"Quot\" link does not work in Group Discussions",
      "widgets\/browse-search\/Controller.php": "Fixed error that came on \"Manage Groups\" page after searching for groups by selecting \"Only My Friends' groups\" filter"
    },
    "4.8.6": {
      "Model\/Post.php": "Fixed a bug where page UI was getting affected in certain cases because of HTML tags not closing after truncation",
      "Model\/Topic.php": "Fixed a bug where page UI was getting affected in certain cases because of HTML tags not closing after truncation",
      "settings\/changelog.php": "Incremented version",
      "settings\/manifest.php": "Incremented version",
      "settings\/my.sql": "Incremented version"
    },
    "4.8.5": {
      "controllers\/IndexController.php": "Attach and upload media to posts",
      "Form\/Post\/Create.php": "Attach and upload media to posts",
      "Form\/Topic\/Create.php": "Attach and upload media to posts",
      "settings\/manifest.php": "Incremented version",
      "settings\/my.sql": "Incremented version",
      "views\/scripts\/index\/upload-photo.tpl": "Attach and upload media to posts",
      "settings\/changelog.php": "Incremented version"
    },
    "4.7.0": {
      "\/application\/languages\/en\/group.csv": "Added phrases",
      "externals\/images\/*": "Optimized images",
      "settings\/changelog.php": "Incremented version",
      "settings\/manifest.php": "Incremented version",
      "settings\/my-upgrade-4.6.0-4.7.0.sql": "Added",
      "settings\/my.sql": "Incremented version",
      "views\/scripts\/photo\/view.tpl": "Minimized TinyMCE",
      "views\/scripts\/topic\/view.tpl": "Upgraded TinyMCE"
    },
    "4.6.0": {
      "Model\/DbTable\/Groups.php": "Fixed incorrect query when searching",
      "settings\/changelog.php": "Incremented version",
      "settings\/manifest.php": "Incremented version",
      "settings\/my.sql": "Incremented version"
    },
    "4.5.0": {
      "controllers\/PostController.php": "Fixed escaping issue",
      "settings\/changelog.php": "Incremented version",
      "settings\/manifest.php": "Incremented version",
      "settings\/my.sql": "Incremented version",
      "views\/scripts\/group\/edit.tpl": "Setting active class on main menu",
      "views\/scripts\/index\/create.tpl": "Setting active class on main menu",
      "views\/scripts\/index\/manage.tpl": "Setting active class on main menu",
      "views\/scripts\/photo\/list.tpl": "Setting active class on main menu",
      "views\/scripts\/photo\/view.tpl": "Setting active class on main menu",
      "views\/scripts\/topic\/index.tpl": "Setting active class on main menu",
      "views\/scripts\/topic\/view.tpl": "Setting active class on main menu",
      "widgets\/browse-menu\/Controller.php": "Hides menu if only one item",
      "widgets\/profile-info\/index.tpl": "Setting active class on main menu",
      "widgets\/profile-photos\/index.tpl": "Hides view all photos link when not enough photos to truncate"
    },
    "4.3.0": {
      "controllers\/IndexController.php": "Added new pages to layout editor",
      "controllers\/PhotoController.php": "Fixed issue where photos would get uploaded even if cancelled",
      "controllers\/TopicController.php": "Group discussions now show up in group activity feed",
      "Model\/Topic.php": "Group discussions now show up in group activity feed",
      "settings\/changelog.php": "Incremented version",
      "settings\/install.php": "Added new pages to layout editor",
      "settings\/manifest.php": "Incremented version",
      "settings\/my-upgrade-4.2.8-4.3.0.sql": "Added",
      "settings\/my.sql": "Incremented version",
      "views\/scripts\/index\/create.tpl": "Added new pages to layout editor",
      "views\/scripts\/index\/manage.tpl": "Added new pages to layout editor",
      "widgets\/browse-menu\/Controller.php": "Added new pages to layout editor"
    },
    "4.2.9": {
      "Form\/Filter\/Browse.php": "Allow text search on browse-group widget",
      "Model\/DbTable\/Groups.php": "Allow text search on browse-group widget",
      "settings\/changelog.php": "Incremented version",
      "settings\/manifest.php": "Incremented version"
    },
    "4.2.8": {
      "\/application\/languages\/en\/group.csv": "Added TINYMCE Editor",
      "controllers\/AdminSettingsController.php": "Added TINYMCE Editor",
      "Form\/Admin\/Global.php": "Added TINYMCE Editor",
      "Form\/Admin\/Settings\/Level.php": "Added TINYMCE Editor",
      "Form\/Post\/Create.php": "Added TINYMCE Editor",
      "Form\/Post\/Edit.php": "Added TINYMCE Editor",
      "Form\/Topic\/Create.php": "Added TINYMCE Editor",
      "settings\/changelog.php": "Incremented version",
      "settings\/manifest.php": "Incremented version",
      "settings\/my-upgrade-4.2.7-4.2.8.sql": "Added",
      "settings\/my.sql": "Incremented version",
      "views\/scripts\/index\/browse.tpl": "Added TINYMCE Editor"
    },
    "4.2.7": {
      "settings\/manifest.php": "Incremented version",
      "settings\/my.sql": "Incremented version",
      "views\/scripts\/index\/browse.tpl": "Change messages for Categories with no content on browse pages of Albums, Events, Groups, and Videos"
    },
    "4.2.3": {
      "\/application\/languages\/en\/group.csv": "Rewrite Profile viewing and Profile Commenting Options Descriptions",
      "settings\/manifest.php": "Incremented version",
      "settings\/my.sql": "Incremented version",
      "views\/scripts\/admin-manage\/index.tpl": "Added support links in admin panel"
    },
    "4.2.2": {
      "Model\/Group.php": "Fixed declaration compatibility error",
      "settings\/changelog.php": "Incremented version",
      "settings\/manifest.php": "Incremented version",
      "settings\/my.sql": "Incremented version",
      "views\/scripts\/member\/invite.tpl": "MooTools 1.4 compatibility"
    },
    "4.2.0": {
      "controllers\/PostController.php": "Fixed escaping issue that would cause posts in certain languages to not be editable",
      "Model\/DbTable\/Posts.php": "Added support for getChildren() method",
      "Model\/DbTable\/Topics.php": "Added support for getChildren() method",
      "settings\/changelog.php": "Incremented version",
      "settings\/manifest.php": "Incremented version",
      "settings\/my.sql": "Incremented version"
    },
    "4.1.8p1": {
      "controllers\/GroupController.php": "Fixed error caused by undefined variable",
      "settings\/changelog.php": "Incremented version",
      "settings\/manifest.php": "Incremented version",
      "settings\/my.sql": "Incremented version"
    },
    "4.1.8": {
      "controllers\/GroupController.php": "Fixed issue with categories filter",
      "controllers\/IndexController.php": "Added pages to the layout editor",
      "controllers\/PostController.php": "Fixed encoding issue",
      "externals\/.htaccess": "Updated with far-future expires headers for static resources",
      "externals\/styles\/main.css": "Style tweaks for layout editor",
      "Form\/Filter\/Browse.php": "Style tweaks",
      "Form\/Post\/Edit.php": "Fixed encoding issue",
      "Model\/Category.php": "Added svn:keywords",
      "Model\/Group.php": "Removed deprecated method calls",
      "Model\/Photo.php": "Removed deprecated method calls",
      "Model\/Post.php": "Fixed search indexing issue",
      "Model\/Topic.php": "Fixed search indexing issue",
      "settings\/changelog.php": "Incremented version",
      "settings\/content.php": "Added pages to the layout editor",
      "settings\/install.php": "Added pages to the layout editor",
      "settings\/manifest.php": "Incremented version",
      "settings\/my.sql": "Incremented version",
      "views\/scripts\/admin-settings\/categories.tpl": "Added static base URL for CDN support",
      "views\/scripts\/index\/browse.tpl": "Added pages to the layout editor",
      "views\/scripts\/photo\/view.tpl": "Added static base URL for CDN support",
      "widgets\/browse-menu-quick\/Controller.php": "Added",
      "widgets\/browse-menu-quick\/index.tpl": "Added",
      "widgets\/browse-menu\/Controller.php": "Added",
      "widgets\/browse-menu\/index.tpl": "Added",
      "widgets\/browse-search\/Controller.php": "Added",
      "widgets\/browse-search\/index.tpl": "Added",
      "widgets\/profile-groups\/Controller.php": "Fixed issue where title would not be displayed when placed outside a tab container widget",
      "widgets\/profile-info\/index.tpl": "Fixed exception when category is missing",
      "widgets\/profile-members\/Controller.php": "Fixed issue where title would not be displayed when placed outside a tab container widget"
    },
    "4.1.7": {
      "\/application\/languages\/en\/group.csv": "Added phrases",
      "Api\/Core.php": "Merging methods from api to dbtables",
      "controllers\/AdminManageController.php": "Merging methods from api to dbtables; minor optimizations",
      "controllers\/AdminSettingsController.php": "Merging methods from api to dbtables; minor optimizations",
      "controllers\/GroupController.php": "Merging methods from api to dbtables; minor optimizations",
      "controllers\/IndexController.php": "Merging methods from api to dbtables; minor optimizations",
      "controllers\/MemberController.php": "Merging methods from api to dbtables; minor optimizations",
      "controllers\/PhotoController.php": "Merging methods from api to dbtables; minor optimizations",
      "controllers\/TopicController.php": "Merging methods from api to dbtables; minor optimizations",
      "Model\/Category.php": "Added",
      "Model\/DbTable\/Categories.php": "Merging methods from api to dbtables; minor optimizations",
      "Model\/DbTable\/Groups.php": "Merging methods from api to dbtables; minor optimizations",
      "Model\/Group.php": "Merging methods from api to dbtables; minor optimizations",
      "Model\/Photo.php": "Merging methods from api to dbtables; minor optimizations",
      "settings\/changelog.php": "Incremented version",
      "settings\/install.php": "Fixed page validation issue",
      "settings\/manifest.php": "Incremented version",
      "settings\/my.sql": "Incremented version",
      "widgets\/profile-discussions\/index.tpl": "Fixed issue where \"no topics\" message would be displayed when there were topics",
      "widgets\/profile-members\/index.tpl": "Fixed error for deleted members"
    },
    "4.1.6": {
      "Form\/Create.php": "Increased description max size",
      "Form\/Edit.php": "Increased description max size",
      "settings\/manifest.php": "Incremented version",
      "settings\/my-upgrade-4.1.5-4.1.6.sql": "Added",
      "settings\/my.sql": "Incremented version",
      "widget\/profile-discussions\/index.tpl": "Fixed errors when the first post in a topic is missing"
    },
    "4.1.5": {
      "Plugin\/Core.php": "Fixed discussions activity issue",
      "settings\/changelog.php": "Incremented version",
      "settings\/manifest.php": "Incremented version",
      "settings\/my-upgrade-4.1.4-4.1.5.sql": "Added",
      "settings\/my.sql": "Incremented version",
      "views\/scripts\/widget\/request-group.tpl": "Fixed escaping issue"
    },
    "4.1.4": {
      "externals\/images\/post.png": "Added",
      "externals\/styles\/main.css": "Added svn:keywords Id",
      "externals\/styles\/mobile.css": "Added",
      "settings\/content.php": "Added default params to some widgets",
      "settings\/changelog.php": "Incremented version",
      "settings\/install.php": "Mobile support",
      "settings\/manifest.php": "Incremented version",
      "settings\/my-upgrade-4.1.3-4.1.4.sql": "Added",
      "settings\/my.sql": "Incremented version; Inserts menu item for mobile",
      "views\/scripts\/topic\/view.tpl": "Added ability to copy a link to a specific post",
      "widgets\/profile-info\/index.tpl": "Added line breaks to group description"
    },
    "4.1.3": {
      "Model\/Post.php": "Fixed issue with updating post count in topic on topic creation",
      "Plugin\/Core.php": "Modifications to address activity privacy issues on profile",
      "settings\/changelog.php": "Incremented version",
      "settings\/manifest.php": "Incremented version",
      "settings\/my.sql": "Incremented version",
      "views\/scripts\/topic\/view.tpl": "Added missing translation"
    },
    "4.1.2": {
      "controllers\/IndexController.php": "Group category options are now alphabetically ordered in the browse page",
      "controllers\/MemberController.php": "Fixed issue of trying to rejoin a group through invitation",
      "controllers\/TopicController.php": "Fixed issue where topic owners cannot use the topic options",
      "externals\/styles\/main.css": "Added styles",
      "Plugin\/Menus.php": "Adjusted message link",
      "settings\/changelog.php": "Incremented version",
      "settings\/content.php": "Added widgets",
      "settings\/install.php": "Added preliminary layout editor enhancements",
      "settings\/manifest.php": "Incremented version",
      "settings\/my-upgrade-4.1.1-4.1.2.sql": "Added",
      "settings\/my.sql": "Incremented version",
      "views\/scripts\/topic\/view.tpl": "Added CSS class for owner and officer posts",
      "widgets\/list-popular-groups\/Controller.php": "Added",
      "widgets\/list-popular-groups\/index.tpl": "Added",
      "widgets\/list-recent-groups\/Controller.php": "Added",
      "widgets\/list-recent-groups\/index.tpl": "Added"
    },
    "4.1.1": {
      "controllers\/MemberController.php": "Fixed issue where notification would remain for admin when request had been rejected",
      "externals\/.htaccess": "Added keywords; removed deprecated code",
      "externals\/styles\/main.css": "RTL improvements",
      "Model\/Photo.php": "Changes for storage system modifications",
      "settings\/changelog.php": "Incremented version",
      "settings\/manifest.php": "Incremented version",
      "settings\/my.sql": "Incremented version",
      "views\/scripts\/event\/*": "Removed"
    },
    "4.1.0": {
      "\/application\/languages\/en\/group.csv": "Fixed phrases with stray double-quotes",
      "controllers\/AdminManageController.php": "Code formatting",
      "controllers\/AdminSettingsController.php": "Added notice on form save",
      "controllers\/GroupController.php": "Added event permission options; fixed issue with saving privacy",
      "controllers\/IndexController.php": "Added navigation to menu system; added event permission options;",
      "controllers\/MemberController.php": "Language improvement; fixed issue with removing officer status when they leave the group; fixed issue with incorrect parameters to activity feed items",
      "controllers\/PhotoController.php": "Fixed missing privacy checks for viewing photos",
      "controllers\/PostController.php": "Fixed issue prevent moderators from editing or deleting posts",
      "controllers\/ProfileController.php": "Silencing notices caused by content system",
      "controllers\/TopicController.php": "Fixed issue prevent moderators from editing or deleting topics",
      "externals\/images\/nophoto_post_thumb_icon.png": "Added",
      "externals\/images\/nophoto_topic_thumb_icon.png": "Added",
      "externals\/styles\/main.css": "Added styles",
      "Form\/Admin\/Settings\/Level.php": "Added event permission options",
      "Form\/Create.php": "Fixed issue with disabled privacy options; added event permission options",
      "Form\/Delete.php": "Fixed UI issues",
      "Form\/Edit.php": "Fixed issue with disabled privacy options; added event permission options",
      "Form\/Topic\/Create.php": "Automatic link enabling moved to javascript",
      "Model\/Photo.php": "Fixed moderation permission issues",
      "Model\/Topic.php": "Fixed moderation permission issues",
      "Plugin\/Core.php": "Fixed issue with activity feed items",
      "Plugin\/Job\/Maintenance\/RebuildPrivacy.php": "Added",
      "Plugin\/Menus.php": "Added navigation to menu system",
      "Plugin\/Task\/Maintenance\/RebuildPrivacy.php": "Removed",
      "settings\/changelog.php": "Incremented version",
      "settings\/content.php": "Added pagination\/item count limits to widgets",
      "settings\/manifest.php": "Incremented version",
      "settings\/my-upgrade-4.0.3-4.0.4.sql": "Backwards compatibility fix for tasks modifications",
      "settings\/my-upgrade-4.0.5-4.1.0.sql": "Added",
      "settings\/my.sql": "Incremented version",
      "views\/scripts\/admin-manage\/index.tpl": "Fixed issues with deletion",
      "views\/scripts\/group\/delete.tpl": "UI improvements",
      "views\/scripts\/index\/browse.tpl": "Added navigation to menu system; UI improvements",
      "views\/scripts\/index\/manage.tpl": "Added navigation to menu system; UI improvements",
      "views\/scripts\/member\/invite.tpl": "UI improvements",
      "views\/scripts\/photo\/upload.tpl": "UI improvements",
      "views\/scripts\/photo\/view.tpl": "UI improvements",
      "views\/scripts\/topic\/view.tpl": "UI improvements; fixes issue with automatically enabling links",
      "widgets\/profile-discussions\/Controller.php": "Added pagination\/item count limit",
      "widgets\/profile-events\/Controller.php": "Added pagination\/item count limit",
      "widgets\/profile-events\/index.tpl": "Added pagination\/item count limit",
      "widgets\/profile-groups\/Controller.php": "Added pagination\/item count limit",
      "widgets\/profile-groups\/index.tpl": "Added pagination\/item count limit",
      "widgets\/profile-members\/Controller.php": "Added pagination\/item count limit",
      "widgets\/profile-members\/index.tpl": "Added pagination\/item count limit",
      "widgets\/profile-photos\/Controller.php": "Added pagination\/item count limit"
    },
    "4.0.5": {
      "controllers\/MemberController.php": "Added support for missing action and notification types; join form now shows RSVP options",
      "controllers\/TopicController.php": "Added topic watching support",
      "externals\/images\/nophoto_group_thumb_icon.png": "Changed",
      "externals\/images\/unwatch.png": "Added",
      "externals\/images\/watch.png": "Added",
      "externals\/styles\/main.css": "Added styles",
      "Form\/Admin\/Settings\/Level.php": "Fixed typo in option labels",
      "Form\/Create.php": "Added missing .jpeg extension to allowed file types",
      "Form\/Edit.php": "Added missing .jpeg extension to allowed file types",
      "Form\/Post\/Create.php": "Added topic watching support",
      "Form\/Post\/Edit.php": "Added topic watching support",
      "Form\/Topic\/Create.php": "Added topic watching support",
      "Model\/DbTable\/TopicWatches.php": "Added",
      "Model\/Group.php": "Fixed incorrect argument to getParent function",
      "Plugin\/Task\/Maintenance\/RebuildPrivacy.php": "Added idle support",
      "settings\/changelog.php": "Added",
      "settings\/install.php": "Code formatting",
      "settings\/manifest.php": "Incremented version",
      "settings\/my-upgrade-4.0.4-4.0.5.sql": "Added",
      "settings\/my.sql": "Incremented version",
      "views\/scripts\/topic\/view.tpl": "Added topic watching support",
      "\/application\/languages\/en\/group.csv": "Added missing phrases"
    },
    "4.0.4": {
      "Api\/Core.php": "Added category ordering",
      "controllers\/TopicController.php": "Improving auth checking",
      "externals\/styles\/main.css": "Improved RTL support",
      "Form\/Post\/Delete.php": "Style tweak",
      "Form\/Post\/Edit.php": "Style tweak",
      "Form\/Topic\/Delete.php": "Style tweak",
      "Form\/Topic\/Rename.php": "Style tweak",
      "Plugin\/Core.php": "Fixed issues with privacy in the feed when content is hidden from the public by admin settings",
      "Plugin\/Task\/Maintenance\/RebuildPrivacy.php": "Added to fix privacy issues in the feed",
      "settings\/install.php": "Group page should not be considered a custom page",
      "settings\/manifest.php": "Incremented version",
      "settings\/my-upgrade-4.0.3-4.0.4.sql": "Added; fixed typo in permissions table leftover from several versions ago; fixed custom page setting",
      "settings\/my.sql": "Incremented version",
      "views\/scripts\/photo\/view.tpl": "Added missing translation",
      "widgets\/profile-discussions\/*": "Added correct auth checking for showing link",
      "widgets\/profile-events\/index.tpl": "Style tweak",
      "\/application\/languages\/en\/group.csv": "Added phrases"
    },
    "4.0.3": {
      "controllers\/GroupController.php": "Fixed bug in privacy for officers",
      "Model\/Photo.php": "Fixed errors when deleting a photo with a missing file",
      "settings\/manifest.php": "Incremented version",
      "settings\/my.sql": "Incremented version",
      "views\/scripts\/admin-manage\/index.tpl": "Added correct locale date format",
      "widgets\/profile-groups\/index.tpl": "Added missing translation",
      "widgets\/profile-info\/index.tpl": "Added missing translation",
      "\/application\/languages\/en\/group.csv": "Added phrases"
    },
    "4.0.2": {
      "Api\/Core.php": "Categories ordered by name",
      "controllers\/AdminSettingsController.php": "Various level settings fixes and enhancements",
      "controllers\/EventController.php": "Remove, no longer used",
      "controllers\/GroupController.php": "Various level settings fixes and enhancements",
      "controllers\/IndexController.php": "Various level settings fixes and enhancements",
      "externals\/styles\/main.css": "Styled the group events profile tab",
      "Form\/Create.php": "Various level settings fixes and enhancements",
      "Form\/Edit.php": "Various level settings fixes and enhancements",
      "Form\/Admin\/Level.php": "Moved",
      "Form\/Admin\/Settings\/Level.php": "Various level settings fixes and enhancements",
      "Plugin\/Core.php": "Added activity stream index type",
      "Plugin\/Menus.php": "Fixed problem that would prevent the invite link from showing for non-officers when allowed",
      "settings\/manifest.php": "Incremented version",
      "settings\/my-upgrade-4.0.1-4.0.2.sql": "Added",
      "settings\/my.sql": "Various level settings fixes and enhancements",
      "widgets\/profile-events\/Controller.php": "Tab now hides properly when the event plugin is not enabled",
      "widgets\/profile-events\/index.tpl": "Cleanup",
      "widgets\/profile-groups\/Controller.php": "Tab now shows properly when the event plugin is not enabled",
      "widgets\/profile-members\/index.tpl": "Search input text and owner\/officer now translate"
    },
    "4.0.1": {
      "Api\/Core.php": "Better cleanup of temporary files",
      "controllers\/AdminSettingsController.php": "Fixed problem in level select",
      "controllers\/GroupController.php": "Added level permission for styles",
      "controllers\/IndexController.php": "Added menu for group manage page",
      "controllers\/PhotoController.php": "Added view count support",
      "controllers\/TopicController.php": "Added view count support",
      "Form\/Admin\/Level.php": "Added level permission for styles",
      "Model\/Group.php": "Better cleanup of temporary files",
      "Plugin\/Core.php": "Query optimization",
      "Plugin\/Menus.php": "Added level permission for styles",
      "settings\/manifest.php": "Incremented version",
      "settings\/my-upgrade-4.0.0-4.0.1.sql": "Added",
      "settings\/my.sql": "Added view_count and comment_count columns to engine4_group_photos table; added view_count column to engine4_group_topics table; added default permissions for style permission",
      "widgets\/profile-info\/index.tpl": "Fixed possible bug when owner title is not set"
    }
  },
  "meta": {
    "date": "Mon, 22 Jun 2015 17:06:09 +0000",
    "title": "Groups",
    "description": "Groups",
    "developer": null,
    "authors": [
      "Webligo Developments"
    ],
    "changeLog": null
  },
  "actions": [
    "install",
    "upgrade",
    "refresh",
    "enable",
    "disable"
  ],
  "callback": {
    "path": "application\/modules\/Group\/settings\/install.php",
    "class": "Group_Installer",
    "priority": 100
  },
  "dependencies": {
    "module-core": {
      "type": "module",
      "name": "core",
      "guid": "module-core",
      "minVersion": "4.2.0",
      "maxVersion": null,
      "excludeExcept": null
    }
  },
  "tests": [
    
  ],
  "permissions": [
    
  ],
  "structure": {
    "application\/modules\/Group": {
      "type": "directory",
      "path": "application\/modules\/Group",
      "structure": [
        {
          "path": "settings",
          "dir": true,
          "file": false,
          "perms": "0775",
          "size": 4096,
          "sha1": null
        },
        {
          "path": "settings\/manifest.php",
          "dir": false,
          "file": true,
          "perms": "0775",
          "size": 3253,
          "sha1": "466f8c2d58ac16b3926fbc8eb5b07850f226cfb7"
        },
        {
          "path": "settings\/install.php",
          "dir": false,
          "file": true,
          "perms": "0775",
          "size": 19183,
          "sha1": "77ecedeb55d69c509448dcff68bcbda4c7844832"
        },
        {
          "path": "settings\/changelog.php",
          "dir": false,
          "file": true,
          "perms": "0775",
          "size": 24260,
          "sha1": "3443c628143d99548a1b1cbf65c6c5e1aea9ed94"
        },
        {
          "path": "settings\/my-upgrade-4.1.1-4.1.2.sql",
          "dir": false,
          "file": true,
          "perms": "0775",
          "size": 105,
          "sha1": "529194a47b2ebe72eef49da7a76213f84563cca7"
        },
        {
          "path": "settings\/content.php",
          "dir": false,
          "file": true,
          "perms": "0775",
          "size": 5765,
          "sha1": "7671f02ec674b3d818b56dde5e2d2673fbbd92b7"
        },
        {
          "path": "settings\/my-upgrade-4.0.0-4.0.1.sql",
          "dir": false,
          "file": true,
          "perms": "0775",
          "size": 1042,
          "sha1": "b959085f8fb6b7a15318c9d81318b21f4cba550d"
        },
        {
          "path": "settings\/my-upgrade-4.2.9-4.3.0.sql",
          "dir": false,
          "file": true,
          "perms": "0775",
          "size": 391,
          "sha1": "cf954c6eacf8bb73da11831922d3381437ce8385"
        },
        {
          "path": "settings\/my-upgrade-4.0.1-4.0.2.sql",
          "dir": false,
          "file": true,
          "perms": "0775",
          "size": 5451,
          "sha1": "87f2adff0aeb0de05848d69b4b066171209d1b8c"
        },
        {
          "path": "settings\/my-upgrade-4.2.7-4.2.8.sql",
          "dir": false,
          "file": true,
          "perms": "0775",
          "size": 992,
          "sha1": "c2fbbca03e18c2c901ab3fc3b1babe1eee6d602e"
        },
        {
          "path": "settings\/my-upgrade-4.6.0-4.7.0.sql",
          "dir": false,
          "file": true,
          "perms": "0775",
          "size": 158,
          "sha1": "34b3976596d905b66d69cb12b32109fc9579c802"
        },
        {
          "path": "settings\/my-upgrade-4.1.4-4.1.5.sql",
          "dir": false,
          "file": true,
          "perms": "0775",
          "size": 159,
          "sha1": "95016e2ccc35b76f1ebdf733a21e538db865d392"
        },
        {
          "path": "settings\/my-upgrade-4.1.5-4.1.6.sql",
          "dir": false,
          "file": true,
          "perms": "0775",
          "size": 99,
          "sha1": "9a233da81c7a054eac5da1a304926cacef0c50a2"
        },
        {
          "path": "settings\/my-upgrade-4.0.3-4.0.4.sql",
          "dir": false,
          "file": true,
          "perms": "0775",
          "size": 2471,
          "sha1": "b6d6ebe7164b7c99d6fb680d9ec70899da6f0e81"
        },
        {
          "path": "settings\/my.sql",
          "dir": false,
          "file": true,
          "perms": "0775",
          "size": 23367,
          "sha1": "975179ea5c180bc103d714762a2f67b1b4684163"
        },
        {
          "path": "settings\/my-upgrade-4.1.3-4.1.4.sql",
          "dir": false,
          "file": true,
          "perms": "0775",
          "size": 226,
          "sha1": "4a860d9d89981f2403d87daca1d4e09869265cd8"
        },
        {
          "path": "settings\/my-upgrade-4.0.4-4.0.5.sql",
          "dir": false,
          "file": true,
          "perms": "0775",
          "size": 1112,
          "sha1": "790690b90ca5d9883d1efdaaa261ee1277233f20"
        },
        {
          "path": "settings\/my-upgrade-4.0.5-4.1.0.sql",
          "dir": false,
          "file": true,
          "perms": "0775",
          "size": 3236,
          "sha1": "2d99a9222fdfe7bbb15e9231bb5de73b75fec403"
        },
        {
          "path": "Plugin",
          "dir": true,
          "file": false,
          "perms": "0775",
          "size": 4096,
          "sha1": null
        },
        {
          "path": "Plugin\/Job",
          "dir": true,
          "file": false,
          "perms": "0775",
          "size": 4096,
          "sha1": null
        },
        {
          "path": "Plugin\/Job\/Maintenance",
          "dir": true,
          "file": false,
          "perms": "0775",
          "size": 4096,
          "sha1": null
        },
        {
          "path": "Plugin\/Job\/Maintenance\/RebuildPrivacy.php",
          "dir": false,
          "file": true,
          "perms": "0775",
          "size": 4474,
          "sha1": "c01a10f656069134abada211bccff3f4c21d46e8"
        },
        {
          "path": "Plugin\/Menus.php",
          "dir": false,
          "file": true,
          "perms": "0775",
          "size": 9387,
          "sha1": "bbd9ef8847fba1150f6d08d9e9ff8291f5279348"
        },
        {
          "path": "Plugin\/Core.php",
          "dir": false,
          "file": true,
          "perms": "0775",
          "size": 4521,
          "sha1": "0cbb61af0e67ae959e226bd0d7d758b2b4090ba4"
        },
        {
          "path": "Form",
          "dir": true,
          "file": false,
          "perms": "0775",
          "size": 4096,
          "sha1": null
        },
        {
          "path": "Form\/Topic",
          "dir": true,
          "file": false,
          "perms": "0775",
          "size": 4096,
          "sha1": null
        },
        {
          "path": "Form\/Topic\/Delete.php",
          "dir": false,
          "file": true,
          "perms": "0775",
          "size": 1209,
          "sha1": "3a26f6ee142b6e0856534fc19fecf3dafefc8b3d"
        },
        {
          "path": "Form\/Topic\/Create.php",
          "dir": false,
          "file": true,
          "perms": "0775",
          "size": 3906,
          "sha1": "0c1348dccf353265d86ee57eb442551eb34d8615"
        },
        {
          "path": "Form\/Topic\/Rename.php",
          "dir": false,
          "file": true,
          "perms": "0775",
          "size": 1435,
          "sha1": "24eee111f3378f810777188b78a384b7878e6c7a"
        },
        {
          "path": "Form\/Style.php",
          "dir": false,
          "file": true,
          "perms": "0775",
          "size": 1725,
          "sha1": "5452067f8ae4c08c63ea3e21cbc3a244ebb6a3ac"
        },
        {
          "path": "Form\/Photo",
          "dir": true,
          "file": false,
          "perms": "0775",
          "size": 4096,
          "sha1": null
        },
        {
          "path": "Form\/Photo\/Delete.php",
          "dir": false,
          "file": true,
          "perms": "0775",
          "size": 1217,
          "sha1": "6b69b38243464ba639947e28e2911bc846652e24"
        },
        {
          "path": "Form\/Photo\/Edit.php",
          "dir": false,
          "file": true,
          "perms": "0775",
          "size": 1503,
          "sha1": "3f6d06d15d1dd6d0a08b5949de8ecb35455e186e"
        },
        {
          "path": "Form\/Photo\/Upload.php",
          "dir": false,
          "file": true,
          "perms": "0775",
          "size": 1419,
          "sha1": "ebb2f52f853d33d8f4ef1a7862d0f02f0cd6b063"
        },
        {
          "path": "Form\/Delete.php",
          "dir": false,
          "file": true,
          "perms": "0775",
          "size": 1443,
          "sha1": "f812f2d7e4dd7009abfbdb6ea0b02b69dabc6a28"
        },
        {
          "path": "Form\/Edit.php",
          "dir": false,
          "file": true,
          "perms": "0775",
          "size": 7003,
          "sha1": "d9e88af2159bad278d9cbf61c711ff4a30abba50"
        },
        {
          "path": "Form\/Filter",
          "dir": true,
          "file": false,
          "perms": "0775",
          "size": 4096,
          "sha1": null
        },
        {
          "path": "Form\/Filter\/Manage.php",
          "dir": false,
          "file": true,
          "perms": "0775",
          "size": 1532,
          "sha1": "ae4b588544fc7c53abb30008c09e118881cf186c"
        },
        {
          "path": "Form\/Filter\/Browse.php",
          "dir": false,
          "file": true,
          "perms": "0775",
          "size": 2273,
          "sha1": "d2ed4f27db3a4bf622e2008c23eb962ddfa7cce0"
        },
        {
          "path": "Form\/Member",
          "dir": true,
          "file": false,
          "perms": "0775",
          "size": 4096,
          "sha1": null
        },
        {
          "path": "Form\/Member\/Leave.php",
          "dir": false,
          "file": true,
          "perms": "0775",
          "size": 1337,
          "sha1": "ed74f7e4d0bc9f85b5409273282c417f5ab5d70e"
        },
        {
          "path": "Form\/Member\/Demote.php",
          "dir": false,
          "file": true,
          "perms": "0775",
          "size": 1261,
          "sha1": "2c63ff437bd98248b52739baa5002c9c53025288"
        },
        {
          "path": "Form\/Member\/Edit.php",
          "dir": false,
          "file": true,
          "perms": "0775",
          "size": 1391,
          "sha1": "de9133d33ab3c15bb6b131765013185384dc6a38"
        },
        {
          "path": "Form\/Member\/Cancel.php",
          "dir": false,
          "file": true,
          "perms": "0775",
          "size": 1396,
          "sha1": "63580de9d991d83567b11e638ad337da816a574b"
        },
        {
          "path": "Form\/Member\/Approve.php",
          "dir": false,
          "file": true,
          "perms": "0775",
          "size": 1400,
          "sha1": "f8a1d47fc257f852cc267b503f2ef7f935c9f68e"
        },
        {
          "path": "Form\/Member\/Request.php",
          "dir": false,
          "file": true,
          "perms": "0775",
          "size": 1374,
          "sha1": "31b44d3db4d72b33c1d43d055df77670f6d19411"
        },
        {
          "path": "Form\/Member\/Promote.php",
          "dir": false,
          "file": true,
          "perms": "0775",
          "size": 1264,
          "sha1": "e2a8a6e8f41d97dce1b3ac52c892b49b68427de8"
        },
        {
          "path": "Form\/Member\/Reject.php",
          "dir": false,
          "file": true,
          "perms": "0775",
          "size": 1411,
          "sha1": "74cbbda5c5932b926a6fc9731bfbb775a4b6e5c4"
        },
        {
          "path": "Form\/Member\/Remove.php",
          "dir": false,
          "file": true,
          "perms": "0775",
          "size": 1263,
          "sha1": "c3f468e10c7035e446447014a9ab565af4b4a5a2"
        },
        {
          "path": "Form\/Member\/Accept.php",
          "dir": false,
          "file": true,
          "perms": "0775",
          "size": 1355,
          "sha1": "5d88af468b67d4e99bcca04229b4366b0dd80940"
        },
        {
          "path": "Form\/Member\/Join.php",
          "dir": false,
          "file": true,
          "perms": "0775",
          "size": 1325,
          "sha1": "c2b96940f9819befec5bc7977abace1cc7dac412"
        },
        {
          "path": "Form\/Create.php",
          "dir": false,
          "file": true,
          "perms": "0775",
          "size": 6997,
          "sha1": "dd448b73785341702228ce7e4f3aa208bd8f200b"
        },
        {
          "path": "Form\/Invite.php",
          "dir": false,
          "file": true,
          "perms": "0775",
          "size": 1529,
          "sha1": "6cab542ed6e649bf1aa7a8e98f06c1bfa2c07511"
        },
        {
          "path": "Form\/Admin",
          "dir": true,
          "file": false,
          "perms": "0775",
          "size": 4096,
          "sha1": null
        },
        {
          "path": "Form\/Admin\/Category.php",
          "dir": false,
          "file": true,
          "perms": "0775",
          "size": 1995,
          "sha1": "fbe2ba6f7d1b494a5c6b637bab738458487091fb"
        },
        {
          "path": "Form\/Admin\/Delete.php",
          "dir": false,
          "file": true,
          "perms": "0775",
          "size": 516,
          "sha1": "71d6f6250a251ec7efbafa4e375bf13a29d5e97a"
        },
        {
          "path": "Form\/Admin\/Global.php",
          "dir": false,
          "file": true,
          "perms": "0775",
          "size": 1490,
          "sha1": "d123fa745bd8b59b2ff6e8d747af0e3d4f5b086e"
        },
        {
          "path": "Form\/Admin\/Settings",
          "dir": true,
          "file": false,
          "perms": "0775",
          "size": 4096,
          "sha1": null
        },
        {
          "path": "Form\/Admin\/Settings\/Level.php",
          "dir": false,
          "file": true,
          "perms": "0775",
          "size": 5823,
          "sha1": "e23d2581ed09150616e4d0ea0ef017f989b61d3c"
        },
        {
          "path": "Form\/Post",
          "dir": true,
          "file": false,
          "perms": "0775",
          "size": 4096,
          "sha1": null
        },
        {
          "path": "Form\/Post\/Delete.php",
          "dir": false,
          "file": true,
          "perms": "0775",
          "size": 1207,
          "sha1": "a0490a11bf2db46d31dbe733296886fd5b352013"
        },
        {
          "path": "Form\/Post\/Edit.php",
          "dir": false,
          "file": true,
          "perms": "0775",
          "size": 2393,
          "sha1": "32ea57bedf5f9322da6da901c5cc80db64ab7658"
        },
        {
          "path": "Form\/Post\/Create.php",
          "dir": false,
          "file": true,
          "perms": "0775",
          "size": 3523,
          "sha1": "f98c135373aede5f98eae6fe2bbdce3e8c99f1ae"
        },
        {
          "path": "Bootstrap.php",
          "dir": false,
          "file": true,
          "perms": "0775",
          "size": 537,
          "sha1": "72f000affada7ae0708eb62ed1a865a0dc21d576"
        },
        {
          "path": "Api",
          "dir": true,
          "file": false,
          "perms": "0775",
          "size": 4096,
          "sha1": null
        },
        {
          "path": "Api\/Core.php",
          "dir": false,
          "file": true,
          "perms": "0775",
          "size": 512,
          "sha1": "40d9cdfdb2b90082b80df82127469ff93595ebdc"
        },
        {
          "path": "views",
          "dir": true,
          "file": false,
          "perms": "0775",
          "size": 4096,
          "sha1": null
        },
        {
          "path": "views\/scripts",
          "dir": true,
          "file": false,
          "perms": "0775",
          "size": 4096,
          "sha1": null
        },
        {
          "path": "views\/scripts\/topic",
          "dir": true,
          "file": false,
          "perms": "0775",
          "size": 4096,
          "sha1": null
        },
        {
          "path": "views\/scripts\/topic\/post.tpl",
          "dir": false,
          "file": true,
          "perms": "0775",
          "size": 567,
          "sha1": "4a3a9c2721f75664f679f890caa955428bf1b3f9"
        },
        {
          "path": "views\/scripts\/topic\/index.tpl",
          "dir": false,
          "file": true,
          "perms": "0775",
          "size": 2761,
          "sha1": "c06b7d14c0134d04a1384e535aed933e95b5c299"
        },
        {
          "path": "views\/scripts\/topic\/view.tpl",
          "dir": false,
          "file": true,
          "perms": "0775",
          "size": 9341,
          "sha1": "f8fe22dfe7452bd4811546df55352a6477c6f5ee"
        },
        {
          "path": "views\/scripts\/topic\/create.tpl",
          "dir": false,
          "file": true,
          "perms": "0775",
          "size": 455,
          "sha1": "e129f7782d5ce3d8bdada96602aab799cf02c10f"
        },
        {
          "path": "views\/scripts\/topic\/rename.tpl",
          "dir": false,
          "file": true,
          "perms": "0775",
          "size": 380,
          "sha1": "eeb20e4031e6bfda2001be0e80dad2a5626a3fa3"
        },
        {
          "path": "views\/scripts\/topic\/delete.tpl",
          "dir": false,
          "file": true,
          "perms": "0775",
          "size": 368,
          "sha1": "115e99d593a8512da8eece18a0d7a0c96e9cae57"
        },
        {
          "path": "views\/scripts\/admin-manage",
          "dir": true,
          "file": false,
          "perms": "0775",
          "size": 4096,
          "sha1": null
        },
        {
          "path": "views\/scripts\/admin-manage\/index.tpl",
          "dir": false,
          "file": true,
          "perms": "0775",
          "size": 3584,
          "sha1": "a0baa710720d800f087832a9a4e4a948dc24bd0a"
        },
        {
          "path": "views\/scripts\/admin-manage\/delete.tpl",
          "dir": false,
          "file": true,
          "perms": "0775",
          "size": 1094,
          "sha1": "cc51208f2c59636c86318a983d4cfeadeadf7406"
        },
        {
          "path": "views\/scripts\/post",
          "dir": true,
          "file": false,
          "perms": "0775",
          "size": 4096,
          "sha1": null
        },
        {
          "path": "views\/scripts\/post\/edit.tpl",
          "dir": false,
          "file": true,
          "perms": "0775",
          "size": 379,
          "sha1": "49a4356806fe51030dc3a7baf597cf8deb963bdc"
        },
        {
          "path": "views\/scripts\/post\/delete.tpl",
          "dir": false,
          "file": true,
          "perms": "0775",
          "size": 381,
          "sha1": "6aea3cca7856cc03a0bd5301a03c85da8a2d8dbd"
        },
        {
          "path": "views\/scripts\/widget",
          "dir": true,
          "file": false,
          "perms": "0775",
          "size": 4096,
          "sha1": null
        },
        {
          "path": "views\/scripts\/widget\/request-group.tpl",
          "dir": false,
          "file": true,
          "perms": "0775",
          "size": 2474,
          "sha1": "deb1ccf3812900a2baff9603986aa1f9da9b4334"
        },
        {
          "path": "views\/scripts\/member",
          "dir": true,
          "file": false,
          "perms": "0775",
          "size": 4096,
          "sha1": null
        },
        {
          "path": "views\/scripts\/member\/join.tpl",
          "dir": false,
          "file": true,
          "perms": "0775",
          "size": 380,
          "sha1": "261d4de8a9652dca6c1aeaab9944f5845baac8a3"
        },
        {
          "path": "views\/scripts\/member\/cancel.tpl",
          "dir": false,
          "file": true,
          "perms": "0775",
          "size": 383,
          "sha1": "1454004743dda0287a3015b848405371ac3cd74c"
        },
        {
          "path": "views\/scripts\/member\/remove.tpl",
          "dir": false,
          "file": true,
          "perms": "0775",
          "size": 367,
          "sha1": "2defaa32cbdd2ac10fe36b000b868dbcba4f58f4"
        },
        {
          "path": "views\/scripts\/member\/demote.tpl",
          "dir": false,
          "file": true,
          "perms": "0775",
          "size": 367,
          "sha1": "d9daf912887d9e0aad1200427deb35f9b87b87e3"
        },
        {
          "path": "views\/scripts\/member\/leave.tpl",
          "dir": false,
          "file": true,
          "perms": "0775",
          "size": 382,
          "sha1": "11d13df1f331bf5dd3674974b590189be4df75ac"
        },
        {
          "path": "views\/scripts\/member\/edit.tpl",
          "dir": false,
          "file": true,
          "perms": "0775",
          "size": 381,
          "sha1": "2c6d5c45ecddc678552455d83468ce6c625331f1"
        },
        {
          "path": "views\/scripts\/member\/reject.tpl",
          "dir": false,
          "file": true,
          "perms": "0775",
          "size": 382,
          "sha1": "98269837ed2dc059e1cbafaf6b80b8ea37537f7f"
        },
        {
          "path": "views\/scripts\/member\/approve.tpl",
          "dir": false,
          "file": true,
          "perms": "0775",
          "size": 384,
          "sha1": "46d0b356efed85ae5c9e7bba28c11ba805bfca5b"
        },
        {
          "path": "views\/scripts\/member\/accept.tpl",
          "dir": false,
          "file": true,
          "perms": "0775",
          "size": 383,
          "sha1": "28b92f53c9eb66f1c87bf3180bbb9d356b5aca6c"
        },
        {
          "path": "views\/scripts\/member\/request.tpl",
          "dir": false,
          "file": true,
          "perms": "0775",
          "size": 384,
          "sha1": "757b8b03eabf010ae0fb1beb07b8bfef3c3ef9f1"
        },
        {
          "path": "views\/scripts\/member\/invite.tpl",
          "dir": false,
          "file": true,
          "perms": "0775",
          "size": 615,
          "sha1": "0747d35fb4fba629a726db013c6091b8c37b37c3"
        },
        {
          "path": "views\/scripts\/member\/promote.tpl",
          "dir": false,
          "file": true,
          "perms": "0775",
          "size": 369,
          "sha1": "6f5d806d924de3006b53a39cdab922e28df03670"
        },
        {
          "path": "views\/scripts\/group",
          "dir": true,
          "file": false,
          "perms": "0775",
          "size": 4096,
          "sha1": null
        },
        {
          "path": "views\/scripts\/group\/style.tpl",
          "dir": false,
          "file": true,
          "perms": "0775",
          "size": 326,
          "sha1": "c40a88531b65d55847c7e8e8ba7caa509843a3ce"
        },
        {
          "path": "views\/scripts\/group\/edit.tpl",
          "dir": false,
          "file": true,
          "perms": "0775",
          "size": 472,
          "sha1": "c545b9e53acc2dbe992ac63283d7ce3a3adb186d"
        },
        {
          "path": "views\/scripts\/group\/delete.tpl",
          "dir": false,
          "file": true,
          "perms": "0775",
          "size": 346,
          "sha1": "45a6430905565b33a4bcbe41bfd882033bb4b9fe"
        },
        {
          "path": "views\/scripts\/admin-settings",
          "dir": true,
          "file": false,
          "perms": "0775",
          "size": 4096,
          "sha1": null
        },
        {
          "path": "views\/scripts\/admin-settings\/index.tpl",
          "dir": false,
          "file": true,
          "perms": "0775",
          "size": 704,
          "sha1": "5ae914f670b845d4d467c42abad5bd8f147db9dc"
        },
        {
          "path": "views\/scripts\/admin-settings\/level.tpl",
          "dir": false,
          "file": true,
          "perms": "0775",
          "size": 895,
          "sha1": "32a129ded851fd4027f412e99c53cd627e951fd9"
        },
        {
          "path": "views\/scripts\/admin-settings\/form.tpl",
          "dir": false,
          "file": true,
          "perms": "0775",
          "size": 481,
          "sha1": "19a91b7e8718ea95c3dce723b609781000e20f44"
        },
        {
          "path": "views\/scripts\/admin-settings\/categories.tpl",
          "dir": false,
          "file": true,
          "perms": "0775",
          "size": 2828,
          "sha1": "75b605049ed0ea745c61f796837425f0170e3e78"
        },
        {
          "path": "views\/scripts\/admin-settings\/delete.tpl",
          "dir": false,
          "file": true,
          "perms": "0775",
          "size": 1095,
          "sha1": "f876747dcd9079d720c7a413e8d8f5758bae62e2"
        },
        {
          "path": "views\/scripts\/index",
          "dir": true,
          "file": false,
          "perms": "0775",
          "size": 4096,
          "sha1": null
        },
        {
          "path": "views\/scripts\/index\/manage.tpl",
          "dir": false,
          "file": true,
          "perms": "0775",
          "size": 3447,
          "sha1": "7b0bf422569e34e806a9e3c6b9246ee0b09b9076"
        },
        {
          "path": "views\/scripts\/index\/create.tpl",
          "dir": false,
          "file": true,
          "perms": "0775",
          "size": 429,
          "sha1": "0d652280ad4814d3597d124a6bf39a3bac1ada92"
        },
        {
          "path": "views\/scripts\/index\/browse.tpl",
          "dir": false,
          "file": true,
          "perms": "0775",
          "size": 2246,
          "sha1": "bebb1f2d9fa574005d0773147e05a86e55fa814a"
        },
        {
          "path": "views\/scripts\/index\/list.tpl",
          "dir": false,
          "file": true,
          "perms": "0775",
          "size": 285,
          "sha1": "0317f70e998d401a7a5252f0b1cd0d61feb7ebed"
        },
        {
          "path": "views\/scripts\/index\/upload-photo.tpl",
          "dir": false,
          "file": true,
          "perms": "0775",
          "size": 985,
          "sha1": "6f7883e16cf61e3a0d86b1e9801a60607b81d7cc"
        },
        {
          "path": "views\/scripts\/photo",
          "dir": true,
          "file": false,
          "perms": "0775",
          "size": 4096,
          "sha1": null
        },
        {
          "path": "views\/scripts\/photo\/edit.tpl",
          "dir": false,
          "file": true,
          "perms": "0775",
          "size": 367,
          "sha1": "4e96d124649fb62130603460922745448c587ca3"
        },
        {
          "path": "views\/scripts\/photo\/view.tpl",
          "dir": false,
          "file": true,
          "perms": "0775",
          "size": 7131,
          "sha1": "f908f2e75037c70727306847108786f57d76a899"
        },
        {
          "path": "views\/scripts\/photo\/list.tpl",
          "dir": false,
          "file": true,
          "perms": "0775",
          "size": 1547,
          "sha1": "9868d75e8ac41e283259e93baa09d0ab0a7d1062"
        },
        {
          "path": "views\/scripts\/photo\/upload.tpl",
          "dir": false,
          "file": true,
          "perms": "0775",
          "size": 454,
          "sha1": "708828e645e13e1da7d98272cab63ebfd4de3f32"
        },
        {
          "path": "views\/scripts\/photo\/delete.tpl",
          "dir": false,
          "file": true,
          "perms": "0775",
          "size": 368,
          "sha1": "115e99d593a8512da8eece18a0d7a0c96e9cae57"
        },
        {
          "path": "widgets",
          "dir": true,
          "file": false,
          "perms": "0775",
          "size": 4096,
          "sha1": null
        },
        {
          "path": "widgets\/profile-options",
          "dir": true,
          "file": false,
          "perms": "0775",
          "size": 4096,
          "sha1": null
        },
        {
          "path": "widgets\/profile-options\/index.tpl",
          "dir": false,
          "file": true,
          "perms": "0775",
          "size": 580,
          "sha1": "52ec19a8651ebed5c97689530310fb57afe8ec71"
        },
        {
          "path": "widgets\/profile-options\/Controller.php",
          "dir": false,
          "file": true,
          "perms": "0775",
          "size": 1106,
          "sha1": "764a21f96b3797aa3f03a650c2851e796e24eb8d"
        },
        {
          "path": "widgets\/list-popular-groups",
          "dir": true,
          "file": false,
          "perms": "0775",
          "size": 4096,
          "sha1": null
        },
        {
          "path": "widgets\/list-popular-groups\/index.tpl",
          "dir": false,
          "file": true,
          "perms": "0775",
          "size": 1685,
          "sha1": "22dafb22e8fac159b7821ed33b825fa67b2e73be"
        },
        {
          "path": "widgets\/list-popular-groups\/Controller.php",
          "dir": false,
          "file": true,
          "perms": "0775",
          "size": 1494,
          "sha1": "ddfb52d49761897c3f03ad920ea4da714ed24be7"
        },
        {
          "path": "widgets\/profile-events",
          "dir": true,
          "file": false,
          "perms": "0775",
          "size": 4096,
          "sha1": null
        },
        {
          "path": "widgets\/profile-events\/index.tpl",
          "dir": false,
          "file": true,
          "perms": "0775",
          "size": 4118,
          "sha1": "531b59e0f5658582c473954bc08aecf06e12b192"
        },
        {
          "path": "widgets\/profile-events\/Controller.php",
          "dir": false,
          "file": true,
          "perms": "0775",
          "size": 2127,
          "sha1": "39563820f1395056c161ca39110bf149a14c863a"
        },
        {
          "path": "widgets\/profile-groups",
          "dir": true,
          "file": false,
          "perms": "0775",
          "size": 4096,
          "sha1": null
        },
        {
          "path": "widgets\/profile-groups\/index.tpl",
          "dir": false,
          "file": true,
          "perms": "0775",
          "size": 3081,
          "sha1": "90118af35312b5de39b7e21d58bdf2385be94fac"
        },
        {
          "path": "widgets\/profile-groups\/Controller.php",
          "dir": false,
          "file": true,
          "perms": "0775",
          "size": 1871,
          "sha1": "7199763c647e02e578fdb67f44b9eebc897d9601"
        },
        {
          "path": "widgets\/list-recent-groups",
          "dir": true,
          "file": false,
          "perms": "0775",
          "size": 4096,
          "sha1": null
        },
        {
          "path": "widgets\/list-recent-groups\/index.tpl",
          "dir": false,
          "file": true,
          "perms": "0775",
          "size": 1286,
          "sha1": "c050af7ae2b3c5e11f69fac5eefb478c2edc1cc6"
        },
        {
          "path": "widgets\/list-recent-groups\/Controller.php",
          "dir": false,
          "file": true,
          "perms": "0775",
          "size": 1673,
          "sha1": "31257b2f5c72b726c74af9657b799653d12ff0ff"
        },
        {
          "path": "widgets\/profile-members",
          "dir": true,
          "file": false,
          "perms": "0775",
          "size": 4096,
          "sha1": null
        },
        {
          "path": "widgets\/profile-members\/index.tpl",
          "dir": false,
          "file": true,
          "perms": "0775",
          "size": 10765,
          "sha1": "66fd939bf0404d605e4525141e6644ac542d7c3e"
        },
        {
          "path": "widgets\/profile-members\/Controller.php",
          "dir": false,
          "file": true,
          "perms": "0775",
          "size": 3068,
          "sha1": "e1a761f5e19635f12b4ee784fda6d74d504e95cd"
        },
        {
          "path": "widgets\/browse-menu-quick",
          "dir": true,
          "file": false,
          "perms": "0775",
          "size": 4096,
          "sha1": null
        },
        {
          "path": "widgets\/browse-menu-quick\/index.tpl",
          "dir": false,
          "file": true,
          "perms": "0775",
          "size": 272,
          "sha1": "13fa164e7bca3d55c3015cf51214e75785618753"
        },
        {
          "path": "widgets\/browse-menu-quick\/Controller.php",
          "dir": false,
          "file": true,
          "perms": "0775",
          "size": 783,
          "sha1": "d98a23bc8057510b6dddee99033350e504258734"
        },
        {
          "path": "widgets\/browse-menu",
          "dir": true,
          "file": false,
          "perms": "0775",
          "size": 4096,
          "sha1": null
        },
        {
          "path": "widgets\/browse-menu\/index.tpl",
          "dir": false,
          "file": true,
          "perms": "0775",
          "size": 288,
          "sha1": "4738cf711de04fb1dc4c5ee9df32e89fa6997ed1"
        },
        {
          "path": "widgets\/browse-menu\/Controller.php",
          "dir": false,
          "file": true,
          "perms": "0775",
          "size": 855,
          "sha1": "d6a9f7924b74d43f7752740cf82502560379c0ba"
        },
        {
          "path": "widgets\/browse-search",
          "dir": true,
          "file": false,
          "perms": "0775",
          "size": 4096,
          "sha1": null
        },
        {
          "path": "widgets\/browse-search\/index.tpl",
          "dir": false,
          "file": true,
          "perms": "0775",
          "size": 91,
          "sha1": "23eff47de6eaaf3d4a1db78d492dc6360fcbfe85"
        },
        {
          "path": "widgets\/browse-search\/Controller.php",
          "dir": false,
          "file": true,
          "perms": "0775",
          "size": 2244,
          "sha1": "91ba585517fd5224ab3b3e56391f2219180ec72c"
        },
        {
          "path": "widgets\/profile-discussions",
          "dir": true,
          "file": false,
          "perms": "0775",
          "size": 4096,
          "sha1": null
        },
        {
          "path": "widgets\/profile-discussions\/index.tpl",
          "dir": false,
          "file": true,
          "perms": "0775",
          "size": 3404,
          "sha1": "501382728208c64cbf1ac1aff51a735fad8530c6"
        },
        {
          "path": "widgets\/profile-discussions\/Controller.php",
          "dir": false,
          "file": true,
          "perms": "0775",
          "size": 2107,
          "sha1": "1c88db3735c546f4ab64293960fdb70fac21b1ca"
        },
        {
          "path": "widgets\/profile-photo",
          "dir": true,
          "file": false,
          "perms": "0775",
          "size": 4096,
          "sha1": null
        },
        {
          "path": "widgets\/profile-photo\/index.tpl",
          "dir": false,
          "file": true,
          "perms": "0775",
          "size": 397,
          "sha1": "4cf4d28745e6a02003c721bf4d0fa48c3c872dc9"
        },
        {
          "path": "widgets\/profile-photo\/Controller.php",
          "dir": false,
          "file": true,
          "perms": "0775",
          "size": 1021,
          "sha1": "ad9b899af94f8a4790b0ccf4962ca447e15b11b0"
        },
        {
          "path": "widgets\/profile-status",
          "dir": true,
          "file": false,
          "perms": "0775",
          "size": 4096,
          "sha1": null
        },
        {
          "path": "widgets\/profile-status\/index.tpl",
          "dir": false,
          "file": true,
          "perms": "0775",
          "size": 392,
          "sha1": "d903abd66da71d4dcac79526a7a045ec9080d29f"
        },
        {
          "path": "widgets\/profile-status\/Controller.php",
          "dir": false,
          "file": true,
          "perms": "0775",
          "size": 1022,
          "sha1": "a18f5deba77ae93c02349c3fae2f44f23c134420"
        },
        {
          "path": "widgets\/profile-photos",
          "dir": true,
          "file": false,
          "perms": "0775",
          "size": 4096,
          "sha1": null
        },
        {
          "path": "widgets\/profile-photos\/index.tpl",
          "dir": false,
          "file": true,
          "perms": "0775",
          "size": 2126,
          "sha1": "51ce689216da0481f5c46bbd605d657c92d39784"
        },
        {
          "path": "widgets\/profile-photos\/Controller.php",
          "dir": false,
          "file": true,
          "perms": "0775",
          "size": 1889,
          "sha1": "f94a58a1289fdf8ee4563383aeb59db43ab62a60"
        },
        {
          "path": "widgets\/profile-info",
          "dir": true,
          "file": false,
          "perms": "0775",
          "size": 4096,
          "sha1": null
        },
        {
          "path": "widgets\/profile-info\/index.tpl",
          "dir": false,
          "file": true,
          "perms": "0775",
          "size": 2346,
          "sha1": "9a81658f270709e06b1e1f9a7982c05c483786a1"
        },
        {
          "path": "widgets\/profile-info\/Controller.php",
          "dir": false,
          "file": true,
          "perms": "0775",
          "size": 1518,
          "sha1": "cf94c6430a529a0b2163a371f44a2fa3702c12a8"
        },
        {
          "path": "externals",
          "dir": true,
          "file": false,
          "perms": "0775",
          "size": 4096,
          "sha1": null
        },
        {
          "path": "externals\/.htaccess",
          "dir": false,
          "file": true,
          "perms": "0775",
          "size": 1042,
          "sha1": "6c835f103d253edf70bfd5ba2430ebe3fa8cacdd"
        },
        {
          "path": "externals\/styles",
          "dir": true,
          "file": false,
          "perms": "0775",
          "size": 4096,
          "sha1": null
        },
        {
          "path": "externals\/styles\/mobile.css",
          "dir": false,
          "file": true,
          "perms": "0775",
          "size": 18427,
          "sha1": "29ccf1ee5f30272493fb1618f3343027fe77e906"
        },
        {
          "path": "externals\/styles\/main.css",
          "dir": false,
          "file": true,
          "perms": "0775",
          "size": 21198,
          "sha1": "523f7845056a3b019d9ac540d86ad6d1699b5d62"
        },
        {
          "path": "externals\/images",
          "dir": true,
          "file": false,
          "perms": "0775",
          "size": 4096,
          "sha1": null
        },
        {
          "path": "externals\/images\/nophoto_post_thumb_icon.png",
          "dir": false,
          "file": true,
          "perms": "0775",
          "size": 2881,
          "sha1": "efc2ddf74252b5a3a5124d0bfaf4a6360022a355"
        },
        {
          "path": "externals\/images\/nophoto_group_thumb_icon.png",
          "dir": false,
          "file": true,
          "perms": "0775",
          "size": 1765,
          "sha1": "f7ea99ea474b5b909f8f9e63773a9f1f184ca380"
        },
        {
          "path": "externals\/images\/watch.png",
          "dir": false,
          "file": true,
          "perms": "0775",
          "size": 749,
          "sha1": "9a226cb5378e6ceea11007b59132cfc19dbcbaf2"
        },
        {
          "path": "externals\/images\/types",
          "dir": true,
          "file": false,
          "perms": "0775",
          "size": 4096,
          "sha1": null
        },
        {
          "path": "externals\/images\/types\/album.png",
          "dir": false,
          "file": true,
          "perms": "0775",
          "size": 661,
          "sha1": "ca8fa077f56d5a5f2b6b4bcde921eff1cb76bf94"
        },
        {
          "path": "externals\/images\/types\/post.png",
          "dir": false,
          "file": true,
          "perms": "0775",
          "size": 413,
          "sha1": "5040bd61de2f06bb58e2d1a5e78886578bcc61c5"
        },
        {
          "path": "externals\/images\/types\/group_request.png",
          "dir": false,
          "file": true,
          "perms": "0775",
          "size": 842,
          "sha1": "5afe5d7b0a31191763b48f69b01f753859bc5507"
        },
        {
          "path": "externals\/images\/types\/group.png",
          "dir": false,
          "file": true,
          "perms": "0775",
          "size": 753,
          "sha1": "fc729cc6d3b5f029d751cd7e934e97e8e286ac0b"
        },
        {
          "path": "externals\/images\/nophoto_group_thumb_normal.png",
          "dir": false,
          "file": true,
          "perms": "0775",
          "size": 6375,
          "sha1": "3eb67ae098f4550764725ca32e7c7cf36ade8a20"
        },
        {
          "path": "externals\/images\/style.png",
          "dir": false,
          "file": true,
          "perms": "0775",
          "size": 548,
          "sha1": "eb6b1e586608f00ace3c804f8fa43f85d43f4dea"
        },
        {
          "path": "externals\/images\/post",
          "dir": true,
          "file": false,
          "perms": "0775",
          "size": 4096,
          "sha1": null
        },
        {
          "path": "externals\/images\/post\/rename.png",
          "dir": false,
          "file": true,
          "perms": "0775",
          "size": 444,
          "sha1": "3bed7d7fef488eb238a052b5afe174847d109b8d"
        },
        {
          "path": "externals\/images\/post\/unstick.png",
          "dir": false,
          "file": true,
          "perms": "0775",
          "size": 631,
          "sha1": "3392f20eae9b640b1b08296a078e402c1a08182b"
        },
        {
          "path": "externals\/images\/post\/unclose.png",
          "dir": false,
          "file": true,
          "perms": "0775",
          "size": 815,
          "sha1": "2107ef2e7ccdb11310a51c5b30d7b00f0438e96e"
        },
        {
          "path": "externals\/images\/post\/stick.png",
          "dir": false,
          "file": true,
          "perms": "0775",
          "size": 500,
          "sha1": "3b3e2ab1a085d6d4040a907580968aebf49bf9bf"
        },
        {
          "path": "externals\/images\/post\/edit.png",
          "dir": false,
          "file": true,
          "perms": "0775",
          "size": 593,
          "sha1": "aed25be4b7e4c6e66c48d57a0b9df62b5576d47d"
        },
        {
          "path": "externals\/images\/post\/delete.png",
          "dir": false,
          "file": true,
          "perms": "0775",
          "size": 692,
          "sha1": "b47ced2f3821d01cff3ce682e9510f8325945304"
        },
        {
          "path": "externals\/images\/post\/quote.png",
          "dir": false,
          "file": true,
          "perms": "0775",
          "size": 413,
          "sha1": "5040bd61de2f06bb58e2d1a5e78886578bcc61c5"
        },
        {
          "path": "externals\/images\/post\/close.png",
          "dir": false,
          "file": true,
          "perms": "0775",
          "size": 3423,
          "sha1": "7aa6b295270615ed60e2b9700c9a1da5f67637f8"
        },
        {
          "path": "externals\/images\/post\/reply.png",
          "dir": false,
          "file": true,
          "perms": "0775",
          "size": 648,
          "sha1": "daa7a69b264256c292a896ef2283a43d832873f1"
        },
        {
          "path": "externals\/images\/post\/create.png",
          "dir": false,
          "file": true,
          "perms": "0775",
          "size": 530,
          "sha1": "f657086b5d1f0ea7e8a0694b32aabc7d3ec41a3d"
        },
        {
          "path": "externals\/images\/nophoto_group_thumb_profile.png",
          "dir": false,
          "file": true,
          "perms": "0775",
          "size": 5568,
          "sha1": "179c449d888fd943587c81029e062ec2c1a54dfb"
        },
        {
          "path": "externals\/images\/edit.png",
          "dir": false,
          "file": true,
          "perms": "0775",
          "size": 444,
          "sha1": "3bed7d7fef488eb238a052b5afe174847d109b8d"
        },
        {
          "path": "externals\/images\/post.png",
          "dir": false,
          "file": true,
          "perms": "0775",
          "size": 413,
          "sha1": "5040bd61de2f06bb58e2d1a5e78886578bcc61c5"
        },
        {
          "path": "externals\/images\/member",
          "dir": true,
          "file": false,
          "perms": "0775",
          "size": 4096,
          "sha1": null
        },
        {
          "path": "externals\/images\/member\/invite.png",
          "dir": false,
          "file": true,
          "perms": "0775",
          "size": 754,
          "sha1": "6cd1ff4a775d58d70d6440bdc097ca14b8153325"
        },
        {
          "path": "externals\/images\/member\/promote.png",
          "dir": false,
          "file": true,
          "perms": "0775",
          "size": 661,
          "sha1": "67900c8b91389e71655043ec9b9ef592f2cbfbee"
        },
        {
          "path": "externals\/images\/member\/reject.png",
          "dir": false,
          "file": true,
          "perms": "0775",
          "size": 827,
          "sha1": "3542875c9f0e3b9bb2060e82bd0b626aeb7e2c5c"
        },
        {
          "path": "externals\/images\/member\/cancel.png",
          "dir": false,
          "file": true,
          "perms": "0775",
          "size": 827,
          "sha1": "3542875c9f0e3b9bb2060e82bd0b626aeb7e2c5c"
        },
        {
          "path": "externals\/images\/member\/demote.png",
          "dir": false,
          "file": true,
          "perms": "0775",
          "size": 651,
          "sha1": "666afde806503c59b4c4aba8aef9040eccd80f54"
        },
        {
          "path": "externals\/images\/member\/leave.png",
          "dir": false,
          "file": true,
          "perms": "0775",
          "size": 655,
          "sha1": "a54e44499f7b408c6c58c209ed08fa14c07b2b7c"
        },
        {
          "path": "externals\/images\/member\/accept.png",
          "dir": false,
          "file": true,
          "perms": "0775",
          "size": 807,
          "sha1": "ffffded4580b1077130c1aea09ef090a24ebaa93"
        },
        {
          "path": "externals\/images\/member\/join.png",
          "dir": false,
          "file": true,
          "perms": "0775",
          "size": 780,
          "sha1": "1e93c3be465c9ea926d004366973ee84e8f2058e"
        },
        {
          "path": "externals\/images\/member\/remove.png",
          "dir": false,
          "file": true,
          "perms": "0775",
          "size": 767,
          "sha1": "7c9dfd9e984a91c5c56f0ec9b77bebcf6da3f9a2"
        },
        {
          "path": "externals\/images\/delete.png",
          "dir": false,
          "file": true,
          "perms": "0775",
          "size": 715,
          "sha1": "8f0ebcb45d7ba71a541d4781329f4a6900c7ee65"
        },
        {
          "path": "externals\/images\/share.png",
          "dir": false,
          "file": true,
          "perms": "0775",
          "size": 743,
          "sha1": "355df33576c0d155b4ff9c24cc017054e62f5de9"
        },
        {
          "path": "externals\/images\/nophoto_topic_thumb_icon.png",
          "dir": false,
          "file": true,
          "perms": "0775",
          "size": 2881,
          "sha1": "efc2ddf74252b5a3a5124d0bfaf4a6360022a355"
        },
        {
          "path": "externals\/images\/unwatch.png",
          "dir": false,
          "file": true,
          "perms": "0775",
          "size": 827,
          "sha1": "f9d248a504ee3e870e4b183ac8f848e18b30a5c3"
        },
        {
          "path": "externals\/images\/create.png",
          "dir": false,
          "file": true,
          "perms": "0775",
          "size": 750,
          "sha1": "3eb459929444170c55dc5f9e772a59f1f88bdb92"
        },
        {
          "path": "externals\/images\/photo",
          "dir": true,
          "file": false,
          "perms": "0775",
          "size": 4096,
          "sha1": null
        },
        {
          "path": "externals\/images\/photo\/view.png",
          "dir": false,
          "file": true,
          "perms": "0775",
          "size": 661,
          "sha1": "ca8fa077f56d5a5f2b6b4bcde921eff1cb76bf94"
        },
        {
          "path": "externals\/images\/photo\/upload.png",
          "dir": false,
          "file": true,
          "perms": "0775",
          "size": 653,
          "sha1": "124dd7319ae3eebfe028991d6c3b162180b73e14"
        },
        {
          "path": "Model",
          "dir": true,
          "file": false,
          "perms": "0775",
          "size": 4096,
          "sha1": null
        },
        {
          "path": "Model\/Group.php",
          "dir": false,
          "file": true,
          "perms": "0775",
          "size": 7022,
          "sha1": "fb3b313f779650d581b50ae276d8aa93910e3236"
        },
        {
          "path": "Model\/Photo.php",
          "dir": false,
          "file": true,
          "perms": "0775",
          "size": 5979,
          "sha1": "13f7fd936ae2709aab0f47d49f3f13a8239f1ebf"
        },
        {
          "path": "Model\/Album.php",
          "dir": false,
          "file": true,
          "perms": "0775",
          "size": 1744,
          "sha1": "4a88f19eacb57aaeaeffdf701b47af716800b6c0"
        },
        {
          "path": "Model\/Exception.php",
          "dir": false,
          "file": true,
          "perms": "0775",
          "size": 518,
          "sha1": "a733e8437f26940b826fb11341fa7c14ca812593"
        },
        {
          "path": "Model\/List.php",
          "dir": false,
          "file": true,
          "perms": "0775",
          "size": 722,
          "sha1": "9ac23ef22c7c4520f33d65721b5952b7760b7de8"
        },
        {
          "path": "Model\/Category.php",
          "dir": false,
          "file": true,
          "perms": "0775",
          "size": 1159,
          "sha1": "0a86125554613cdf9eea9f7443022b4ab37a22bf"
        },
        {
          "path": "Model\/ListItem.php",
          "dir": false,
          "file": true,
          "perms": "0775",
          "size": 524,
          "sha1": "da1090852ac1f5831e05657feafbf22c07f3c27c"
        },
        {
          "path": "Model\/Topic.php",
          "dir": false,
          "file": true,
          "perms": "0775",
          "size": 3533,
          "sha1": "c91ed605a66c52f59e9adf1e6a1b594421c46a6d"
        },
        {
          "path": "Model\/DbTable",
          "dir": true,
          "file": false,
          "perms": "0775",
          "size": 4096,
          "sha1": null
        },
        {
          "path": "Model\/DbTable\/TopicWatches.php",
          "dir": false,
          "file": true,
          "perms": "0775",
          "size": 535,
          "sha1": "9edb24302be7d7ef6c0bd8c481eccfa31d614c70"
        },
        {
          "path": "Model\/DbTable\/Photos.php",
          "dir": false,
          "file": true,
          "perms": "0775",
          "size": 566,
          "sha1": "febb0d40db9dc6f9293078c5858230f24c54e080"
        },
        {
          "path": "Model\/DbTable\/Membership.php",
          "dir": false,
          "file": true,
          "perms": "0775",
          "size": 852,
          "sha1": "85e21e061d672f69f12b177f02625ecdf8738783"
        },
        {
          "path": "Model\/DbTable\/Groups.php",
          "dir": false,
          "file": true,
          "perms": "0775",
          "size": 2079,
          "sha1": "24899e1300f21ef713f3513d5e2785f3e4a68f3e"
        },
        {
          "path": "Model\/DbTable\/ListItems.php",
          "dir": false,
          "file": true,
          "perms": "0775",
          "size": 575,
          "sha1": "26f20f0943e9055dc53ba7ba12dbf21ab1f66be3"
        },
        {
          "path": "Model\/DbTable\/Posts.php",
          "dir": false,
          "file": true,
          "perms": "0775",
          "size": 722,
          "sha1": "0d1594bfbfe60f5ac6ec82352a7505b7bf63272b"
        },
        {
          "path": "Model\/DbTable\/Categories.php",
          "dir": false,
          "file": true,
          "perms": "0775",
          "size": 919,
          "sha1": "691d4de3dcd989e4162f3bce172e8df80b585515"
        },
        {
          "path": "Model\/DbTable\/Albums.php",
          "dir": false,
          "file": true,
          "perms": "0775",
          "size": 566,
          "sha1": "70b2f9c87a115b18ad723e0516849ccc87d6c9ea"
        },
        {
          "path": "Model\/DbTable\/Lists.php",
          "dir": false,
          "file": true,
          "perms": "0775",
          "size": 563,
          "sha1": "11ef5abf0c350f15ac83fe5bc8df42411634a184"
        },
        {
          "path": "Model\/DbTable\/Topics.php",
          "dir": false,
          "file": true,
          "perms": "0775",
          "size": 729,
          "sha1": "805e00e5cd50bbfd8185c3ad0154a1a3bf3fa9ab"
        },
        {
          "path": "Model\/Post.php",
          "dir": false,
          "file": true,
          "perms": "0775",
          "size": 3650,
          "sha1": "8bb4192321fe602aebd18d984662ea971bec8056"
        },
        {
          "path": "controllers",
          "dir": true,
          "file": false,
          "perms": "0775",
          "size": 4096,
          "sha1": null
        },
        {
          "path": "controllers\/ProfileController.php",
          "dir": false,
          "file": true,
          "perms": "0775",
          "size": 1965,
          "sha1": "2f35e249cee2ef1aed93ce7805fbd4d4a7465df0"
        },
        {
          "path": "controllers\/WidgetController.php",
          "dir": false,
          "file": true,
          "perms": "0775",
          "size": 671,
          "sha1": "751986e450dc446c34553a43c108e6b781d28593"
        },
        {
          "path": "controllers\/PhotoController.php",
          "dir": false,
          "file": true,
          "perms": "0775",
          "size": 9316,
          "sha1": "8d7edb316a9ff1553a8f08a091139051a655da22"
        },
        {
          "path": "controllers\/AdminManageController.php",
          "dir": false,
          "file": true,
          "perms": "0775",
          "size": 2131,
          "sha1": "7e348937d92d380f549cbd3f4444f4ba0ac421d2"
        },
        {
          "path": "controllers\/AdminSettingsController.php",
          "dir": false,
          "file": true,
          "perms": "0775",
          "size": 7257,
          "sha1": "dcf8a292eff1245db3063144671123ef3d3f9ab2"
        },
        {
          "path": "controllers\/TopicController.php",
          "dir": false,
          "file": true,
          "perms": "0775",
          "size": 16777,
          "sha1": "0be692e0ed1cff94a16cd1ca213c5fd9ed55b455"
        },
        {
          "path": "controllers\/IndexController.php",
          "dir": false,
          "file": true,
          "perms": "0775",
          "size": 10982,
          "sha1": "a801ad0ff760a8389c05cd677c94405d07cec9a9"
        },
        {
          "path": "controllers\/PostController.php",
          "dir": false,
          "file": true,
          "perms": "0775",
          "size": 4171,
          "sha1": "61f6dcb2b582b21f746e50e0e1a39f887a172884"
        },
        {
          "path": "controllers\/GroupController.php",
          "dir": false,
          "file": true,
          "perms": "0775",
          "size": 8072,
          "sha1": "6385a5ca757c7b8e08fafe6d80b398e281099da1"
        },
        {
          "path": "controllers\/MemberController.php",
          "dir": false,
          "file": true,
          "perms": "0775",
          "size": 21296,
          "sha1": "3d2258e859f661927c6ca0a5d103790324324776"
        }
      ]
    },
    "application\/languages\/en\/group.csv": {
      "type": "file",
      "path": "application\/languages\/en\/group.csv",
      "structure": {
        "path": "group.csv",
        "dir": false,
        "file": true,
        "perms": "0775",
        "size": 26786,
        "sha1": "9e7b69c9a51acbb74f36d370375cf387c80dc22c"
      }
    }
  }
}