{
  "type": "module",
  "name": "network",
  "version": "4.8.6",
  "revision": "10271",
  "path": "application\/modules\/Network",
  "repository": null,
  "date": "Mon, 22 Jun 2015 17:06:09 +0000",
  "title": "Networks",
  "description": "Networks",
  "thumb": null,
  "developer": null,
  "authors": [
    "Webligo Developments"
  ],
  "changeLog": {
    "4.8.6": {
      "Model\/Network.php": "Fixed a bug with network mapping when multiple networks are chosen during signup",
      "settings\/changelog.php": "Incremented version",
      "settings\/manifest.php": "Incremented version",
      "settings\/my.sql": "Incremented version"
    },
    "4.8.2": {
      "Model\/.swp": "Added",
      "Model\/Network.php": "Used correct variable when searching user networks",
      "settings\/manifest.php": "Incremented version",
      "settings\/my.sql": "Incremented version"
    },
    "4.7.0": {
      "externals\/images\/nophoto_network_thumb_icon.png": "Optimized",
      "Model\/DbTable\/Membership.php": "Fixed a warning",
      "Model\/Network.php": "Fixed a warning",
      "settings\/my.sql": "Incremented version",
      "settings\/changelog.php": "Incremented version",
      "settings\/manifest.php": "Incremented version"
    },
    "4.5.0": {
      "settings\/changelog.php": "Incremented version",
      "settings\/manifest.php": "Incremented version",
      "settings\/my.sql": "Incremented version"
    },
    "4.3.0": {
      "controllers\/NetworkController.php": "Using function instead of action helper to prevent issues",
      "Model\/Network.php": "Using function instead of action helper to prevent issues",
      "settings\/changelog.php": "Incremented version",
      "settings\/manifest.php": "Incremented version",
      "settings\/my.sql": "Incremented version"
    },
    "4.2.3": {
      "settings\/changelog.php": "Incremented version",
      "settings\/manifest.php": "Incremented version",
      "settings\/my.sql": "Incremented version",
      "views\/scripts\/admin-manage\/index.tpl": "Added support links in admin panel"
    },
    "4.2.0": {
      "Model\/Network.php": "Added try\/catch around network recalculate",
      "settings\/changelog.php": "Incremented version",
      "settings\/manifest.php": "Incremented version",
      "settings\/my.sql": "Incremented version"
    },
    "4.1.8p1": {
      "settings\/changelog.php": "Incremented version",
      "settings\/manifest.php": "Incremented version",
      "settings\/my.sql": "Incremented version",
      "views\/scripts\/admin-manage\/index.tpl": "Fixed incorrect link"
    },
    "4.1.8": {
      "externals\/.htaccess": "Updated with far-future expires headers for static resources",
      "Model\/Network.php": "Removed deprecated method call",
      "settings\/changelog.php": "Incremented version",
      "settings\/manifest.php": "Incremented version",
      "settings\/my.sql": "Incremented version",
      "views\/scripts\/admin-manage\/index.tpl": "Added static base URL for CDN support"
    },
    "4.1.4": {
      "controllers\/NetworkController.php": "Members can join hidden networks",
      "externals\/styles\/main.css": "Added svn:keywords Id",
      "externals\/styles\/mobile.css": "Added",
      "settings\/changelog.php": "Incremented version",
      "settings\/manifest.php": "Incremented version",
      "settings\/my.sql": "Incremented version"
    },
    "4.1.3": {
      "\/application\/languages\/en\/network.csv": "Added phrases",
      "controllers\/AdminManageController.php": "Added support to list members in a network",
      "controllers\/NetworkController.php": "Fixed ordering; Network names are now translated",
      "externals\/styles\/main.css": "Added styles for updated network settings page",
      "Form\/Admin\/Network.php": "Added support for multiple options for one network",
      "Model\/Network.php": "Added support for multiple options for one network",
      "settings\/changelog.php": "Incremented version",
      "settings\/manifest.php": "Incremented version",
      "settings\/my.sql": "Incremented version",
      "views\/helpers\/NetworkField.php": "Added support for multiple options for one network",
      "views\/scripts\/admin-manage\/index.tpl": "Added smoothbox link to list members in a network",
      "views\/scripts\/admin-manage\/members.tpl": "Added support to list members in a network"
    },
    "4.1.2": {
      "settings\/changelog.php": "Incremented version",
      "settings\/manifest.php": "Incremented version",
      "settings\/my.sql": "Incremented version"
    },
    "4.1.1": {
      "externals\/.htaccess": "Added keywords; removed deprecated code",
      "settings\/changelog.php": "Incremented version",
      "settings\/manifest.php": "Incremented version",
      "settings\/my.sql": "Incremented version"
    },
    "4.1.0": {
      "externals\/styles\/main.css": "Added styles for network join feed item type",
      "Form\/Admin\/Network.php": "Fixed issue with country fields",
      "Plugin\/Job\/Maintenance\/RebuildMembership.php": "Added",
      "Plugin\/Task\/Maintenance\/RebuildMembership.php": "Removed",
      "Plugin\/User.php": "Fixed issue with removing users when they delete their accounts",
      "settings\/changelog.php": "Incremented version",
      "settings\/manifest.php": "Incremented version",
      "settings\/my-upgrade-4.0.3-4.0.4.sql": "Backwards compatibility fix for tasks modifications",
      "settings\/my-upgrade-4.0.5p1-4.1.0.sql": "Added",
      "settings\/my.sql": "Incremented version",
      "views\/helpers\/NetworkField.php": "Fixed issue with country fields"
    },
    "4.0.5p1": {
      "Model\/Network.php": "Fixed issue where networks would get indexed in global search",
      "settings\/manifest.php": "Incremented version",
      "settings\/my-upgrade-4.0.5-4.0.5p1.sql": "Added"
    },
    "4.0.5": {
      "externals\/images\/nophoto_network_thumb_icon.png": "Added",
      "Plugin\/Task\/Maintenance\/RebuildMembership.php": "Added idle support",
      "settings\/changelog.php": "Added",
      "settings\/manifest.php": "Incremented version",
      "settings\/my.sql": "Incremented version",
      "views\/scripts\/admin-manage\/delete.tpl": "Tweak for parent refresh"
    },
    "4.0.4": {
      "externals\/styles\/main.css": "Improved RTL support",
      "Model\/Network.php": "Fixes to improve memory leak issue in network admin panel page",
      "Plugin\/Task\/Maintenance\/RebuildMembership.php": "Added",
      "settings\/manifest.php": "Incremented version",
      "settings\/my-upgrade-4.0.3-4.0.4.sql": "Added",
      "settings\/my.sql": "Incremented version"
    },
    "4.0.3": {
      "Model\/Network.php": "Fixed multi checkbox and multi select field support",
      "settings\/manifest.php": "Incremented version",
      "settings\/my.sql": "Incremented version",
      "\/application\/languages\/en\/network.csv": "Added phrases"
    },
    "4.0.2": {
      "controllers\/NetworkController.php": "Fixed missing check for invisible networks",
      "settings\/manifest.php": "Incremented version"
    },
    "4.0.1": {
      "controllers\/AdminManageController.php": "Added missing pagination",
      "settings\/manifest.php": "Incremented version",
      "views\/scripts\/admin-manage\/index.tpl": "Added missing pagination",
      "network.csv": "Repair to invalid language string."
    }
  },
  "meta": {
    "date": "Mon, 22 Jun 2015 17:06:09 +0000",
    "title": "Networks",
    "description": "Networks",
    "developer": null,
    "authors": [
      "Webligo Developments"
    ],
    "changeLog": null
  },
  "actions": [
    "install",
    "upgrade",
    "refresh"
  ],
  "callback": {
    "path": null,
    "class": "Engine_Package_Installer_Module",
    "priority": 4000
  },
  "dependencies": {
    "module-core": {
      "type": "module",
      "name": "core",
      "guid": "module-core",
      "minVersion": "4.2.0",
      "maxVersion": null,
      "excludeExcept": null
    },
    "module-fields": {
      "type": "module",
      "name": "fields",
      "guid": "module-fields",
      "minVersion": "4.2.0",
      "maxVersion": null,
      "excludeExcept": null
    }
  },
  "tests": [
    
  ],
  "permissions": [
    
  ],
  "structure": {
    "application\/modules\/Network": {
      "type": "directory",
      "path": "application\/modules\/Network",
      "structure": [
        {
          "path": "settings",
          "dir": true,
          "file": false,
          "perms": "0775",
          "size": 4096,
          "sha1": null
        },
        {
          "path": "settings\/my-upgrade-4.0.5-4.0.5p1.sql",
          "dir": false,
          "file": true,
          "perms": "0664",
          "size": 63,
          "sha1": "1537615926c99806e93eeba2684ee45c0582abfd"
        },
        {
          "path": "settings\/my-upgrade-4.0.5p1-4.1.0.sql",
          "dir": false,
          "file": true,
          "perms": "0664",
          "size": 245,
          "sha1": "dc2c1a070259464221bba4e8395f67cf44f23722"
        },
        {
          "path": "settings\/manifest.php",
          "dir": false,
          "file": true,
          "perms": "0664",
          "size": 1930,
          "sha1": "fd4217a38ef4c2fb3e526a2beb9cb9b8ca826fe8"
        },
        {
          "path": "settings\/changelog.php",
          "dir": false,
          "file": true,
          "perms": "0664",
          "size": 7174,
          "sha1": "426dbc6df8bea6179ea2d4a9a1441b6934451020"
        },
        {
          "path": "settings\/my-upgrade-4.0.3-4.0.4.sql",
          "dir": false,
          "file": true,
          "perms": "0664",
          "size": 303,
          "sha1": "3289a870ed277d1787ff8027ab1d3a9e29e543a9"
        },
        {
          "path": "settings\/my.sql",
          "dir": false,
          "file": true,
          "perms": "0664",
          "size": 3378,
          "sha1": "63f8d2898f829fc67dd5e265a4da091d4360389d"
        },
        {
          "path": "Plugin",
          "dir": true,
          "file": false,
          "perms": "0775",
          "size": 4096,
          "sha1": null
        },
        {
          "path": "Plugin\/Job",
          "dir": true,
          "file": false,
          "perms": "0775",
          "size": 4096,
          "sha1": null
        },
        {
          "path": "Plugin\/Job\/Maintenance",
          "dir": true,
          "file": false,
          "perms": "0775",
          "size": 4096,
          "sha1": null
        },
        {
          "path": "Plugin\/Job\/Maintenance\/RebuildMembership.php",
          "dir": false,
          "file": true,
          "perms": "0664",
          "size": 2822,
          "sha1": "28da25fc34b8087d827b5a0a2e2ad10177885a94"
        },
        {
          "path": "Plugin\/Menus.php",
          "dir": false,
          "file": true,
          "perms": "0664",
          "size": 490,
          "sha1": "82b87282bfefb37b668c24b104098dd0b1d1ce3d"
        },
        {
          "path": "Plugin\/User.php",
          "dir": false,
          "file": true,
          "perms": "0664",
          "size": 1411,
          "sha1": "b4b1067d02bfe48bac7cc4a5f9a89e88b29e916a"
        },
        {
          "path": "Form",
          "dir": true,
          "file": false,
          "perms": "0775",
          "size": 4096,
          "sha1": null
        },
        {
          "path": "Form\/Admin",
          "dir": true,
          "file": false,
          "perms": "0775",
          "size": 4096,
          "sha1": null
        },
        {
          "path": "Form\/Admin\/Filter.php",
          "dir": false,
          "file": true,
          "perms": "0664",
          "size": 811,
          "sha1": "86a5dbca62ab238047bb6642aeeda184010dbc82"
        },
        {
          "path": "Form\/Admin\/Network.php",
          "dir": false,
          "file": true,
          "perms": "0775",
          "size": 6665,
          "sha1": "d6845e94edb30112cc9de67bfbca79ad595cc302"
        },
        {
          "path": "Form\/Admin\/Delete.php",
          "dir": false,
          "file": true,
          "perms": "0664",
          "size": 1177,
          "sha1": "f2084374be52a424c9d7552a9b788d9f6a4747b0"
        },
        {
          "path": "Bootstrap.php",
          "dir": false,
          "file": true,
          "perms": "0664",
          "size": 552,
          "sha1": "50e96ce230a05fc1e45cf175ef87e0bac140affe"
        },
        {
          "path": "Api",
          "dir": true,
          "file": false,
          "perms": "0775",
          "size": 4096,
          "sha1": null
        },
        {
          "path": "Api\/Core.php",
          "dir": false,
          "file": true,
          "perms": "0664",
          "size": 695,
          "sha1": "8c36583001ec6c2cdc03b0943853326f5b69c7f8"
        },
        {
          "path": "views",
          "dir": true,
          "file": false,
          "perms": "0775",
          "size": 4096,
          "sha1": null
        },
        {
          "path": "views\/helpers",
          "dir": true,
          "file": false,
          "perms": "0775",
          "size": 4096,
          "sha1": null
        },
        {
          "path": "views\/helpers\/NetworkField.php",
          "dir": false,
          "file": true,
          "perms": "0664",
          "size": 2862,
          "sha1": "0dd8f8bae37255fd7501f7efbcdc015be33aad46"
        },
        {
          "path": "views\/scripts",
          "dir": true,
          "file": false,
          "perms": "0775",
          "size": 4096,
          "sha1": null
        },
        {
          "path": "views\/scripts\/admin-manage",
          "dir": true,
          "file": false,
          "perms": "0775",
          "size": 4096,
          "sha1": null
        },
        {
          "path": "views\/scripts\/admin-manage\/index.tpl",
          "dir": false,
          "file": true,
          "perms": "0775",
          "size": 4912,
          "sha1": "400a64019e12bccb656289aa67e84e33ad2269a7"
        },
        {
          "path": "views\/scripts\/admin-manage\/deleteselected.tpl",
          "dir": false,
          "file": true,
          "perms": "0664",
          "size": 1441,
          "sha1": "ab8f98a0741623e248973f4c10b9a92316b9b032"
        },
        {
          "path": "views\/scripts\/admin-manage\/edit.tpl",
          "dir": false,
          "file": true,
          "perms": "0664",
          "size": 455,
          "sha1": "3c1b64d4a8576e131c5e5cf163e1c54de8054c70"
        },
        {
          "path": "views\/scripts\/admin-manage\/members.tpl",
          "dir": false,
          "file": true,
          "perms": "0664",
          "size": 1104,
          "sha1": "bbcb7d3dc360da82f2299b03978212b19f018879"
        },
        {
          "path": "views\/scripts\/admin-manage\/create.tpl",
          "dir": false,
          "file": true,
          "perms": "0664",
          "size": 457,
          "sha1": "77c8dc7e5a5a19ddb948e609eedb4fa825e911b8"
        },
        {
          "path": "views\/scripts\/admin-manage\/search.tpl",
          "dir": false,
          "file": true,
          "perms": "0664",
          "size": 712,
          "sha1": "b96735f78f92252bf3929c9a509823deca960ebc"
        },
        {
          "path": "views\/scripts\/admin-manage\/delete.tpl",
          "dir": false,
          "file": true,
          "perms": "0664",
          "size": 676,
          "sha1": "eff3cf39bf5920a69839e3ca058d99a90ba8c75d"
        },
        {
          "path": "views\/scripts\/_formAdminJs.tpl",
          "dir": false,
          "file": true,
          "perms": "0664",
          "size": 2549,
          "sha1": "cbb129a13899b74b21236cff7947a888bc704b75"
        },
        {
          "path": "externals",
          "dir": true,
          "file": false,
          "perms": "0775",
          "size": 4096,
          "sha1": null
        },
        {
          "path": "externals\/.htaccess",
          "dir": false,
          "file": true,
          "perms": "0664",
          "size": 1042,
          "sha1": "6c835f103d253edf70bfd5ba2430ebe3fa8cacdd"
        },
        {
          "path": "externals\/styles",
          "dir": true,
          "file": false,
          "perms": "0775",
          "size": 4096,
          "sha1": null
        },
        {
          "path": "externals\/styles\/mobile.css",
          "dir": false,
          "file": true,
          "perms": "0664",
          "size": 1231,
          "sha1": "ad291a2931ed7971064c6f9edfd3d63bef8d8fcc"
        },
        {
          "path": "externals\/styles\/main.css",
          "dir": false,
          "file": true,
          "perms": "0664",
          "size": 1229,
          "sha1": "1372a4dd359f0df3eed83b356d710c2cd20a12f7"
        },
        {
          "path": "externals\/images",
          "dir": true,
          "file": false,
          "perms": "0775",
          "size": 4096,
          "sha1": null
        },
        {
          "path": "externals\/images\/types",
          "dir": true,
          "file": false,
          "perms": "0775",
          "size": 4096,
          "sha1": null
        },
        {
          "path": "externals\/images\/types\/network.png",
          "dir": false,
          "file": true,
          "perms": "0664",
          "size": 923,
          "sha1": "46267432bf24381ef65f7c8086148da2aa23aacc"
        },
        {
          "path": "externals\/images\/admin",
          "dir": true,
          "file": false,
          "perms": "0775",
          "size": 4096,
          "sha1": null
        },
        {
          "path": "externals\/images\/admin\/add.png",
          "dir": false,
          "file": true,
          "perms": "0664",
          "size": 940,
          "sha1": "f758695229b2edd273e3692a10fda583feeced63"
        },
        {
          "path": "externals\/images\/nophoto_network_thumb_icon.png",
          "dir": false,
          "file": true,
          "perms": "0664",
          "size": 1765,
          "sha1": "f7ea99ea474b5b909f8f9e63773a9f1f184ca380"
        },
        {
          "path": "externals\/images\/add.png",
          "dir": false,
          "file": true,
          "perms": "0664",
          "size": 940,
          "sha1": "f758695229b2edd273e3692a10fda583feeced63"
        },
        {
          "path": "Model",
          "dir": true,
          "file": false,
          "perms": "0775",
          "size": 4096,
          "sha1": null
        },
        {
          "path": "Model\/Network.php",
          "dir": false,
          "file": true,
          "perms": "0664",
          "size": 7826,
          "sha1": "312c9c923ad46a87e7d12ad0a9de464f280235e5"
        },
        {
          "path": "Model\/DbTable",
          "dir": true,
          "file": false,
          "perms": "0775",
          "size": 4096,
          "sha1": null
        },
        {
          "path": "Model\/DbTable\/Networks.php",
          "dir": false,
          "file": true,
          "perms": "0664",
          "size": 950,
          "sha1": "7a9175a30e1c45fb604a8a9848baa74fd361cd59"
        },
        {
          "path": "Model\/DbTable\/Membership.php",
          "dir": false,
          "file": true,
          "perms": "0664",
          "size": 808,
          "sha1": "97b747e81ef329d4b642d2c60cc97b7f78c30a5f"
        },
        {
          "path": "controllers",
          "dir": true,
          "file": false,
          "perms": "0775",
          "size": 4096,
          "sha1": null
        },
        {
          "path": "controllers\/AdminManageController.php",
          "dir": false,
          "file": true,
          "perms": "0775",
          "size": 6939,
          "sha1": "de2dce8943cdd73fd56223daebb0b787fbfc423c"
        },
        {
          "path": "controllers\/NetworkController.php",
          "dir": false,
          "file": true,
          "perms": "0664",
          "size": 1113,
          "sha1": "c25cacc53d63abe75aadbe0eaba2e430ebb4e474"
        }
      ]
    },
    "application\/languages\/en\/network.csv": {
      "type": "file",
      "path": "application\/languages\/en\/network.csv",
      "structure": {
        "path": "network.csv",
        "dir": false,
        "file": true,
        "perms": "0664",
        "size": 2873,
        "sha1": "f93a7064d42777e14ae3a6b88a0261a11bfd94d3"
      }
    }
  }
}