{
  "type": "module",
  "name": "activity",
  "version": "4.8.9",
  "revision": "10267",
  "path": "application\/modules\/Activity",
  "repository": null,
  "date": "Mon, 22 Jun 2015 17:06:09 +0000",
  "title": "Activity",
  "description": "Activity",
  "thumb": null,
  "developer": null,
  "authors": [
    "Webligo Developments"
  ],
  "changeLog": {
    "4.8.9": {
      "Model\/Action.php": "Fixed issues with few activity feeds are sometimes missing in the main feed on \"Members Home Page\"",
      "settings\/manifest.php": "Incremented version",
      "settings\/my.sql": "Incremented version"
    },
    "4.8.8": {
      "controllers\/IndexController.php": " Fixed issue where users are unable to like comments on certain activity feed posts",
      "Model\/Action.php": "Fixed issues where users are unable to like comments on certain activity feed posts and posts without attachments are not appearing on user \/ content profile",
      "Model\/Helper\/Var.php": "Fixed issue with the translation of content sharing feed's text",
      "settings\/manifest.php": "Incremented version",
      "settings\/my.sql": "Incremented version",
      "views\/scripts\/_activityComments.tpl": "Fixed issue where users are unable to like comments on certain activity feed posts",
      "views\/scripts\/_activityText.tpl": "Fixed issues where users are unable to like comments on certain activity feed posts and duplicacy of photo caption in activity feed when status is updated along with a photo"
    },
    "4.8.7": {
      "controllers\/IndexController.php": "Fixed issue with inability of users to like the comments made on activity feeds of a new Forum topic \/ post",
      "Model\/Action.php": "Enabled synchronization of likes and comments, for content posted as attachments from activity feed updates, between the main content and it's activity feed",
      "Model\/Helper\/Var.php": "Fixed issue with the translation of activity feeds generated for content sharing",
      "settings\/changelog.php": "Incremented version",
      "settings\/manifest.php": "Incremented version",
      "settings\/my.sql": "Incremented version",
      "View\/Helper\/ActivityLoop.php": "Fixed log errors",
      "views\/scripts\/_activityText.tpl": "Fixed issue with videos uploaded from \"My Computer\" not being played in activity feeds when HTML5 support is enabled",
      "widgets\/feed\/Controller.php": "Fixed issue with activity feeds getting disappeared randomly in a few cases"
    },
    "4.8.5": {
      "Form\/Admin\/Settings\/General.php": "Add the option to sort the comments in reverse chronological order.",
      "Model\/Action.php": "Add the option to sort the comments in reverse chronological order.",
      "Model\/DbTable\/Actions.php": "removed popup alerts on videos\/create",
      "settings\/manifest.php": "Incremented version",
      "settings\/my.sql": "Incremented version",
      "settings\/changelog.php": "Incremented version"
    },
    "4.8.2": {
      "externals\/scripts\/core.js": "Improved backoff for activity feed polling",
      "settings\/manifest.php": "Incremented version",
      "settings\/my.sql": "Incremented version"
    },
    "4.8.0": {
      "Model\/Action.php": "Breakage when disabling modules",
      "Model\/DbTable\/Notifications.php": "Breakage when disabling modules",
      "settings\/manifest.php": "Incremented version",
      "settings\/my.sql": "Incremented version"
    },
    "4.7.0": {
      "\/application\/languages\/en\/activity.csv": "Fixed a bug",
      "externals\/images\/*": "Optimized images",
      "settings\/my.sql": "Incremented version",
      "settings\/changelog.php": "Incremented version",
      "settings\/manifest.php": "Incremented version"
    },
    "4.6.0": {
      "Model\/Action.php": "Fixed issue with performance improvement",
      "settings\/changelog.php": "Incremented version",
      "settings\/manifest.php": "Incremented version",
      "settings\/my.sql": "Incremented version"
    },
    "4.5.0": {
      "\/application\/languages\/en\/activity.csv": "Added phrases",
      "externals\/scripts\/core.js": "Fixed style issue with extra container being added in feed commenting ajax",
      "externals\/styles\/mobile.css": "Improved styles",
      "Model\/Action.php": "Optimized loading of comment likes",
      "settings\/changelog.php": "Incremented version",
      "settings\/manifest.php": "Incremented version",
      "settings\/my.sql": "Incremented version",
      "views\/scripts\/_activityText.tpl": "Optimized loading of comment likes",
      "widgets\/feed\/index.tpl": "Using placeholder attribute on mobile to fix positioning issues"
    },
    "4.3.0": {
      "Api\/Core.php": "Fixed issue with shared activity feed items",
      "controllers\/IndexController.php": "Fixed XSS",
      "externals\/styles\/mobile.css": "Allow mobile photo upload",
      "Model\/Helper\/ItemChild.php": "Added",
      "settings\/changelog.php": "Incremented version",
      "settings\/manifest.php": "Incremented version",
      "settings\/my.sql": "Incremented version",
      "views\/scripts\/index\/delete.tpl": "Fixed XSS",
      "widgets\/feed\/index.tpl": "Allow mobile photo upload"
    },
    "4.2.9p1": {
      "\/application\/languages\/en\/activity.csv": "Added missing phrases",
      "externals\/scripts\/core.js": "Fixed error in feed with IE8",
      "Model\/Action.php": "Fixed incorrect comment order",
      "settings\/changelog.php": "Incremented version",
      "settings\/manifest.php": "Incremented version",
      "settings\/my.sql": "Incremented version"
    },
    "4.2.8": {
      "controllers\/AjaxController.php": "Fixes Bug in Activity Feed when Video is playing and the Like or Comment link is clicked stops and minimizes the video",
      "controllers\/IndexController.php": "Fixes Bug in Activity Feed when Video is playing and the Like or Comment link is clicked stops and minimizes the video",
      "externals\/scripts\/core.js": "Fixes Bug in Activity Feed when Video is playing and the Like or Comment link is clicked stops and minimizes the video",
      "externals\/styles\/main.css": "Fixes Bug in Activity Feed when Video is playing and the Like or Comment link is clicked stops and minimizes the video. ",
      "Form\/Comment.php": "Fixes Bug in Activity Feed when Video is playing and Fixes Captcha enabled commenting leaves Captcha after submission",
      "Model\/Action.php": "Added Share Action to Activity Feed",
      "Model\/DbTable\/Actions.php": "Added Share Action to Activity Feed",
      "settings\/changelog.php": "Incremented version",
      "settings\/manifest.php": "Incremented version",
      "settings\/my-upgrade-4.2.7-4.2.8.sql": "Added",
      "settings\/my.sql": "Incremented version",
      "View\/Helper\/Activity.php": "Fixes Bug in Activity Feed when Video is playing",
      "View\/Helper\/ActivityLoop.php": "Allow Group owners to delete posts",
      "views\/scripts\/_activityComments.tpl": "Fixes Bug in Activity Feed when Video is playing",
      "views\/scripts\/_activityText.tpl": "Fixes Bug in Activity Feed when Video is playing and Allow Group owners to delete posts",
      "widgets\/feed\/Controller.php": "Added Share Action to Activity Feed",
      "widgets\/feed\/index.tpl": "Added Share Action to Activity Feed"
    },
    "4.2.5": {
      "settings\/changelog.php": "Incremented version",
      "settings\/manifest.php": "Incremented version",
      "settings\/my.sql": "Incremented version"
    },
    "4.2.4": {
      "settings\/changelog.php": "Incremented version",
      "settings\/manifest.php": "Incremented version",
      "settings\/my.sql": "Incremented version",
      "views\/scripts\/_activityText.tpl": "Removes translation to activity titles in activity feeds"
    },
    "4.2.3p1": {
      "settings\/manifest.php": "Incremented version",
      "settings\/my.sql": "Incremented version",
      "views\/scripts\/_activityText.tpl": "Adds translation to activity titles in activity feeds"
    },
    "4.2.3": {
      "controllers\/IndexController.php": "Fixes making a post when the privacy settings are not enabled",
      "Model\/Action.php": "Fixes activity action error",
      "settings\/manifest.php": "Incremented version",
      "settings\/my.sql": "Incremented version"
    },
    "4.2.2": {
      "Model\/Action.php": "Fixed declaration compatibility error",
      "settings\/changelog.php": "Incremented version",
      "settings\/manifest.php": "Incremented version",
      "settings\/my.sql": "Incremented version"
    },
    "4.2.1": {
      "settings\/changelog.php": "Incremented version",
      "settings\/manifest.php": "Incremented version",
      "settings\/my.sql": "Incremented version",
      "views\/scripts\/_activityText.tpl": "Fixed nl2br issue",
      "views\/scripts\/index\/share.tpl": "Fixed javascript issue with Safari"
    },
    "4.2.0": {
      "controllers\/IndexController.php": "Adding a token to the activity feed post to reduce spam; implementing Janrain",
      "controllers\/NotificationsController.php": "Fixed superfluous message in the error log",
      "externals\/scripts\/core.js": "Added namespace for Wibiya compatibility",
      "Form\/Comment.php": "Fixed link enabling issue; added recaptcha support",
      "Model\/DbTable\/Actions.php": "Fixed error when action is missing object",
      "settings\/changelog.php": "Incremented version",
      "settings\/manifest.php": "Incremented version",
      "settings\/my.sql": "Incremented version",
      "views\/scripts\/_activityText.tpl": "Fixed link enabling issue; fixed CSS issue with comment option list",
      "widgets\/feed\/Controller.php": "Adding a token to the activity feed post to reduce spam",
      "widgets\/feed\/index.tpl": "Adding a token to the activity feed post to reduce spam"
    },
    "4.1.8p1": {
      "controllers\/IndexController.php": "Adding documentation",
      "externals\/scripts\/core.js": "Fixed issue with auto-update",
      "settings\/changelog.php": "Incremented version",
      "settings\/manifest.php": "Incremented version",
      "settings\/my.sql": "Incremented version",
      "views\/scripts\/_activityText.tpl": "Fixed issue with auto-update",
      "widgets\/feed\/index.tpl": "Fixed issue with auto-update"
    },
    "4.1.8": {
      "Api\/Core.php": "Refactored deprecated method calls",
      "Bootstrap.php": "Added static base URL for CDN support",
      "controllers\/IndexController.php": "Removing deprecated routes; added like stat tracking",
      "controllers\/NotificationsController.php": "Prevents exception",
      "externals\/.htaccess": "Updated with far-future expires headers for static resources",
      "Model\/Action.php": "Code formatting",
      "Model\/DbTable\/Actions.php": "Added detachFromActivity() method for removing attachments",
      "Plugin\/Job\/Maintenance\/RebuildPrivacy.php": "Fixed issue when porting from task to job",
      "settings\/changelog.php": "Incremented version",
      "settings\/manifest.php": "Incremented version",
      "settings\/my.sql": "Incremented version",
      "views\/scripts\/_activityText.tpl": "Added static base URL for CDN support",
      "views\/scripts\/notifications\/index.tpl": "Added static base URL for CDN support",
      "widgets\/feed\/Controller.php": "Fixed issue where composer wouldn't show in some cases",
      "widgets\/feed\/index.tpl": "Added static base URL for CDN support; compatibility for AJAX page loader",
      "widgets\/list-requests\/index.tpl": "Removing deprecated routes"
    },
    "4.1.7": {
      "controllers\/AdminSettingsController.php": "Fixes issue with saving default email notifications when the plugin name contains a \/",
      "controllers\/AjaxController.php": "Code formatting",
      "controllers\/IndexController.php": "Removing deprecated usage of $this->_helper->api()",
      "Model\/DbTable\/Notifications.php": "No photo icons in email notifications now pull icon from themes",
      "settings\/changelog.php": "Incremented version",
      "settings\/manifest.php": "Incremented version",
      "settings\/my.sql": "Incremented version"
    },
    "4.1.6": {
      "controllers\/IndexController.php": "Added twitter integration; fixed issues with facebook integration",
      "externals\/images\/twitter.png": "Added",
      "externals\/images\/twitter_inactive.png": "Added",
      "externals\/styles\/main.css": "Added styles",
      "Form\/Share.php": "Added twitter integration",
      "Model\/DbTable\/Notifications.php": "Fixed broken image links in email notifications",
      "settings\/changelog.php": "Incremented version",
      "settings\/manifest.php": "Incremented version",
      "settings\/my.sql": "Incremented version",
      "views\/scripts\/index\/share.tpl": "Added twitter integration"
    },
    "4.1.5": {
      "controllers\/IndexController.php": "Fixed issue of feed not rendering when plugins get disabled",
      "Model\/Action.php": "Fixed issue of feed not rendering when plugins get disabled",
      "settings\/changelog.php": "Incremented version",
      "settings\/manifest.php": "Incremented version",
      "settings\/my.sql": "Incremented version",
      "views\/scripts\/_activityText.tpl": "Fixed rare issue of who liked a comment not rendering",
      "widget\/feed\/index.tpl": "Fixed issue of feed not rendering when plugins get disabled",
      "widgets\/feed\/Controller.php": "Fixed issue of feed not rendering when plugins get disabled"
    },
    "4.1.4": {
      "externals\/styles\/main.css": "Added styles",
      "externals\/styles\/mobile.css": "Added",
      "settings\/changelog.php": "Incremented version",
      "settings\/manifest.php": "Incremented version",
      "settings\/my.sql": "Incremented version",
      "views\/scripts\/_activityText.tpl": "Moved ul from _activityText.tpl; Added li's around action link to help with developing themes; Delete link removed from comments in mobile",
      "widgets\/feed\/index.tpl": "Moved ul to _activityText.tpl"
    },
    "4.1.3": {
      "\/application\/languages\/en\/activity.csv": "Added phrases",
      "controllers\/AdminSettingsController.php": "Added controller for configuring default enabled notifications",
      "controllers\/IndexController.php": "Fixed issue of undefined post_fail variable being logged; Activity post now sends member profile photo to Facebook if there is no attached image",
      "Model\/DbTable\/Actions.php": "Modifications to fix issues with activity privacy on profile pages",
      "Model\/DbTable\/NotificationTypes.php": "Added ability to configure default enabled notification types",
      "Plugin\/Core.php": "Modifications to fix issues with activity privacy on profile pages",
      "settings\/changelog.php": "Incremented version",
      "settings\/manifest.php": "Incremented version",
      "settings\/my-upgrade-4.1.2-4.1.3.sql": "Added",
      "settings\/my.sql": "Incremented version",
      "views\/scripts\/_activityText.tpl": "Fixed issue with moderators not being able to delete comments",
      "views\/scripts\/admin-settings\/notifications.tpl": "Added",
      "views\/scripts\/notifications\/index.tpl": "Added try\/catch around requests"
    },
    "4.1.2": {
      "controllers\/IndexController.php": "Added the ability to like comments",
      "externals\/scripts\/core.js": "Added the ability to like comments",
      "externals\/styles\/main.css": "Added styles",
      "Model\/Comment.php": "Added",
      "Model\/DbTable\/Comments.php": "Added the ability to like comments",
      "Model\/DbTable\/Likes.php": "Added the ability to like comments",
      "Model\/Like.php": "Added",
      "settings\/changelog.php": "Incremented version",
      "settings\/content.php": "Added preliminary layout enhancements",
      "settings\/manifest.php": "Incremented version",
      "settings\/my-upgrade-4.1.1-4.1.2.sql": "Added",
      "settings\/my.sql": "Incremented version",
      "views\/scripts\/_activityText.tpl": "Added the ability to like comments",
      "widget\/feed\/index.tpl": "Added the ability to like comments; Escaping translation for the phrase \"Post Something...\""
    },
    "4.1.1": {
      "\/application\/languages\/en\/activity.csv": "Fixed minor admin panel description typos",
      "controllers\/AdminSettingsController.php": "Removed unnecessary route",
      "externals\/.htaccess": "Added keywords; removed deprecated code",
      "externals\/styles\/main.css": "RTL improvements",
      "Model\/DbTable\/Actions.php": "Added code to facilitate feed filtering",
      "Model\/DbTable\/ActionTypes.php": "Added code to facilitate feed filtering",
      "settings\/changelog.php": "Incremented version",
      "settings\/manifest.php": "Incremented version",
      "settings\/my-upgrade-4.0.5p1-4.1.0.sql": "Fixed typo",
      "settings\/my-upgrade-4.1.0-4.1.1.sql": "Added",
      "settings\/my.sql": "Incremented version",
      "views\/scripts\/admin-settings\/general.tpl": "Removed unnecessary route",
      "views\/scripts\/admin-settings\/index.tpl": "Added"
    },
    "4.1.0": {
      "\/application\/languages\/en\/activity.csv": "Repairing double-quotes in language file",
      "controllers\/AdminSettingsController.php": "Added notice when saving forms",
      "controllers\/IndexController.php": "Facebook status are now run though html_entity_decode",
      "Form\/Admin\/Settings\/ActionType.php": "Improved descriptions",
      "Form\/Admin\/Settings\/General.php": "Moved type settings to another page",
      "Model\/Action.php": "getHref() now returns proper link",
      "Model\/DbTable\/Actions.php": "Added back-end support for filtering the feed by item type",
      "Plugin\/Core.php": "Allowed User_Model_User actions to be included into network stream",
      "Plugin\/Job\/Maintenance\/RebuildPrivacy.php": "Added",
      "Plugin\/Task\/Maintenance\/RebuildPrivacy.php": "Removed",
      "settings\/changelog.php": "Incremented version",
      "settings\/manifest.php": "Incremented version",
      "settings\/my-upgrade-4.0.3-4.0.4.sql": "Backwards compatibility fix for tasks modifications",
      "settings\/my-upgrade-4.0.5p1-4.1.0.sql": "Added",
      "settings\/my.sql": "Incremented version",
      "View\/Helper\/Activity.php": "Fixed feed item moderation",
      "views\/scripts\/_activityText.tpl": "Fixed feed item moderation",
      "views\/scripts\/admin-settings\/general.tpl": "Improved descriptions",
      "views\/scripts\/admin-settings\/types.tpl": "Improved descriptions",
      "widgets\/feed\/Controller.php": "Fixed issue with selecting incorrect number of items",
      "widgets\/feed\/index.tpl": "Fixed issue with posting a status on mobile devices, such as the iPad and iPhone"
    },
    "4.0.5p1": {
      "Model\/Action.php": "Fixed issue where actions get indexed in global search",
      "Model\/Notification.php": "Fixed issue where actions get indexed in global search",
      "settings\/manifest.php": "Incremented version",
      "settings\/my-upgrade-4.0.5-4.0.5p1.sql": "Added",
      "views\/scripts\/index\/delete.tpl": "Fixed issue with incorrect layout after post",
      "widgets\/feed\/Controller.php": "Fixed issue with too many action items being displayed; fixed issue with duplicate items being display when viewing a specific feed item"
    },
    "4.0.5": {
      "Form\/Admin\/Settings\/ActionType.php": "Added",
      "Form\/Admin\/Settings\/General.php": "Added more feed length options",
      "Model\/DbTable\/ActionSettings.php": "Fixes issues where disabled action types still show in the user settings page",
      "Model\/DbTable\/ActionTypes.php": "Fixes issues where disabled action types still show in the user settings page",
      "Model\/DbTable\/Notifications.php": "Added more variables for mail templates",
      "Model\/Helper\/Item.php": "Added handling for missing href",
      "Model\/Helper\/Translate.php": "Added no translate bit",
      "Model\/Notification.php": "Typo in error message",
      "Plugin\/Task\/Maintenance\/RebuildPrivacy.php": "Added idle support",
      "View\/Helper\/ActivityLoop.php": "Can now accept an array in addition to a rowset",
      "controllers\/AdminSettingsController.php": "Added action for configuring action types",
      "controllers\/IndexController.php": "Added auth for composer plugins; fixed context switch issues",
      "externals\/images\/nophoto_action_thumb_icon.png": "Added",
      "settings\/changelog.php": "Added",
      "settings\/manifest.php": "Incremented version",
      "settings\/my.sql": "Incremented version",
      "views\/scripts\/_activityText.tpl": "Moved some processing of actions to controller; fixed some errors when items are missing",
      "views\/scripts\/admin-settings\/types.tpl": "Added",
      "views\/scripts\/notifications\/index.tpl": "Fixed incorrect url that would prevent view more from working",
      "widgets\/feed\/Controller.php": "Improved user limit handling, should display the full feed length in most cases now",
      "widgets\/feed\/index.tpl": "Fixes composer javascript when feed is empty"
    },
    "4.0.4": {
      "controllers\/AdminSettingsController.php": "Fixed problem with disabling or enabling activity feed item types",
      "controllers\/NotificationsController.php": "Moved pulldown update here",
      "externals\/styles\/main.css": "Improved RTL support",
      "Form\/Admin\/Settings\/General.php": "Fixed problem with disabling or enabling activity feed item types",
      "Model\/Helper\/Body.php": "Added container around post body for future improved RTL support",
      "Plugin\/Core.php": "Fixed issues with privacy in the feed when content is hidden from the public by admin settings",
      "Plugin\/Task\/Maintenance\/RebuildPrivacy.php": "Added to fix privacy issues in the feed",
      "settings\/manifest.php": "Incremented version",
      "settings\/my-upgrade-4.0.3-4.0.4.sql": "Added",
      "settings\/my.sql": "Incremented version",
      "views\/scripts\/_formActivityButton.tpl": "Removed deprecated code",
      "views\/scripts\/notifications\/pulldown.tpl": "Moved pulldown update here",
      "views\/scripts\/widget\/*": "Removing deprecated code",
      "widgets\/feed\/index.tpl": "Added missing translation; fixed smoothbox binding on view more; fixed incorrect inclusion of javascript files",
      "\/application\/languages\/en\/activity.csv": "Added phrases"
    },
    "4.0.3": {
      "Model\/DbTable\/NotificationTypes.php": "Fixed bug with missing notification emails",
      "settings\/manifest.php": "Incremented version",
      "settings\/my.sql": "Incremented version",
      "\/application\/languages\/en\/activity.csv": "Added phrases"
    },
    "4.0.2p1": {
      "Model\/Helper\/Item.php": "Fixed pluralization of updates text",
      "settings\/manifest.php": "Incremented version"
    },
    "4.0.2": {
      "controllers\/IndexController.php": "Added missing authorization checks",
      "Model\/DbTable\/Actions.php": "Fixed bad IN clauses in query",
      "Model\/Helper\/Item.php": "Adds translation of item text in update notifications",
      "Plugin\/Core.php": "Fixed several privacy issues",
      "settings\/manifest.php": "Incremented version",
      "views\/scripts\/_activityText.tpl": "Added missing authorization checks",
      "\/application\/languages\/en\/activity.csv": "Adds translation of item text in update notifications"
    },
    "4.0.1": {
      "Model\/DbTable\/Notifications.php": "Fixes problem with notifications from disabled modules",
      "Plugin\/Core.php": "Fixes problem with properly detecting the page subject and handles items without parents properly",
      "settings\/manifest.php": "Incremented version",
      "views\/scripts\/notifications\/index.tpl": "Fixes problem with notifications from disabled modules",
      "widgets\/list-requests\/index.tpl": "Fixes problem with notifications from disabled modules"
    }
  },
  "meta": {
    "date": "Mon, 22 Jun 2015 17:06:09 +0000",
    "title": "Activity",
    "description": "Activity",
    "developer": null,
    "authors": [
      "Webligo Developments"
    ],
    "changeLog": null
  },
  "actions": [
    "install",
    "upgrade",
    "refresh"
  ],
  "callback": {
    "path": null,
    "class": "Engine_Package_Installer_Module",
    "priority": 4000
  },
  "dependencies": {
    "module-core": {
      "type": "module",
      "name": "core",
      "guid": "module-core",
      "minVersion": "4.2.0",
      "maxVersion": null,
      "excludeExcept": null
    }
  },
  "tests": [
    
  ],
  "permissions": [
    
  ],
  "structure": {
    "application\/modules\/Activity": {
      "type": "directory",
      "path": "application\/modules\/Activity",
      "structure": [
        {
          "path": "settings",
          "dir": true,
          "file": false,
          "perms": "0775",
          "size": 4096,
          "sha1": null
        },
        {
          "path": "settings\/my-upgrade-4.0.5-4.0.5p1.sql",
          "dir": false,
          "file": true,
          "perms": "0664",
          "size": 146,
          "sha1": "fb521f523dd97e579d9eb5576b692e6a870745dd"
        },
        {
          "path": "settings\/my-upgrade-4.1.2-4.1.3.sql",
          "dir": false,
          "file": true,
          "perms": "0664",
          "size": 462,
          "sha1": "c88d0cf451933fb22f72cae05fc786e77cb567d9"
        },
        {
          "path": "settings\/my-upgrade-4.1.0-4.1.1.sql",
          "dir": false,
          "file": true,
          "perms": "0664",
          "size": 434,
          "sha1": "34e3e5c24d44556707d13b82343a68bb2942283c"
        },
        {
          "path": "settings\/my-upgrade-4.0.5p1-4.1.0.sql",
          "dir": false,
          "file": true,
          "perms": "0664",
          "size": 240,
          "sha1": "3ec7408a0db8965c42640376135710eb9ffee588"
        },
        {
          "path": "settings\/manifest.php",
          "dir": false,
          "file": true,
          "perms": "0775",
          "size": 2182,
          "sha1": "c7fcbd7940ea93364d705d022126acf28a8ce7e3"
        },
        {
          "path": "settings\/changelog.php",
          "dir": false,
          "file": true,
          "perms": "0775",
          "size": 23524,
          "sha1": "3c179e1ee36da7a1f78c127905c9a688829fe4f4"
        },
        {
          "path": "settings\/my-upgrade-4.1.1-4.1.2.sql",
          "dir": false,
          "file": true,
          "perms": "0664",
          "size": 110,
          "sha1": "aed1ffcf1aba6ba082c8339053e1665370505599"
        },
        {
          "path": "settings\/content.php",
          "dir": false,
          "file": true,
          "perms": "0664",
          "size": 915,
          "sha1": "77a92ceb386dc6459bedb01616d156aa05ae540e"
        },
        {
          "path": "settings\/my-upgrade-4.2.7-4.2.8.sql",
          "dir": false,
          "file": true,
          "perms": "0664",
          "size": 550,
          "sha1": "24de486614261299bc000310b6b61b30b6d57ee3"
        },
        {
          "path": "settings\/my-upgrade-4.0.3-4.0.4.sql",
          "dir": false,
          "file": true,
          "perms": "0664",
          "size": 1335,
          "sha1": "0a0cbd108f37b65f306c1763d67fad680a148bb1"
        },
        {
          "path": "settings\/my.sql",
          "dir": false,
          "file": true,
          "perms": "0775",
          "size": 12041,
          "sha1": "a9d5c7294aab80bf34919f46b02abfa0f0c33b17"
        },
        {
          "path": "View",
          "dir": true,
          "file": false,
          "perms": "0775",
          "size": 4096,
          "sha1": null
        },
        {
          "path": "View\/Helper",
          "dir": true,
          "file": false,
          "perms": "0775",
          "size": 4096,
          "sha1": null
        },
        {
          "path": "View\/Helper\/Activity.php",
          "dir": false,
          "file": true,
          "perms": "0664",
          "size": 1653,
          "sha1": "50500d53bc56b0e6facab00d931813e99f0c6bf4"
        },
        {
          "path": "View\/Helper\/ActivityLoop.php",
          "dir": false,
          "file": true,
          "perms": "0664",
          "size": 2042,
          "sha1": "89ec79de1b4484409d7df2f1ef16c5073ed403ec"
        },
        {
          "path": "Plugin",
          "dir": true,
          "file": false,
          "perms": "0775",
          "size": 4096,
          "sha1": null
        },
        {
          "path": "Plugin\/Job",
          "dir": true,
          "file": false,
          "perms": "0775",
          "size": 4096,
          "sha1": null
        },
        {
          "path": "Plugin\/Job\/Maintenance",
          "dir": true,
          "file": false,
          "perms": "0775",
          "size": 4096,
          "sha1": null
        },
        {
          "path": "Plugin\/Job\/Maintenance\/RebuildPrivacy.php",
          "dir": false,
          "file": true,
          "perms": "0664",
          "size": 2780,
          "sha1": "59b4b5a0414631c241f5253324c98fb19daf42ad"
        },
        {
          "path": "Plugin\/Core.php",
          "dir": false,
          "file": true,
          "perms": "0664",
          "size": 8271,
          "sha1": "9414f7b689c23f11ce27d22f298d07718b5e4d09"
        },
        {
          "path": "Form",
          "dir": true,
          "file": false,
          "perms": "0775",
          "size": 4096,
          "sha1": null
        },
        {
          "path": "Form\/Share.php",
          "dir": false,
          "file": true,
          "perms": "0664",
          "size": 3397,
          "sha1": "eb7f56e0513f301ad30fab7b8104b284b252e304"
        },
        {
          "path": "Form\/Comment.php",
          "dir": false,
          "file": true,
          "perms": "0664",
          "size": 3542,
          "sha1": "633fd9b1d8e7906c0c50906f94ed3274e7e8946c"
        },
        {
          "path": "Form\/Post.php",
          "dir": false,
          "file": true,
          "perms": "0664",
          "size": 2762,
          "sha1": "c472d5a9b12cf2d4f41fe14c4d29f50035b6120d"
        },
        {
          "path": "Form\/Admin",
          "dir": true,
          "file": false,
          "perms": "0775",
          "size": 4096,
          "sha1": null
        },
        {
          "path": "Form\/Admin\/Settings",
          "dir": true,
          "file": false,
          "perms": "0775",
          "size": 4096,
          "sha1": null
        },
        {
          "path": "Form\/Admin\/Settings\/General.php",
          "dir": false,
          "file": true,
          "perms": "0664",
          "size": 3895,
          "sha1": "a377c2146bbeaffe473f19c2fa429ea76cedcf22"
        },
        {
          "path": "Form\/Admin\/Settings\/ActionType.php",
          "dir": false,
          "file": true,
          "perms": "0664",
          "size": 2216,
          "sha1": "eef401ad8a039ec287afdc0409fcd760ba41cc1b"
        },
        {
          "path": "Bootstrap.php",
          "dir": false,
          "file": true,
          "perms": "0775",
          "size": 844,
          "sha1": "adbf3ca04494fc65b62b2d10d0940aa0460a4c90"
        },
        {
          "path": "Api",
          "dir": true,
          "file": false,
          "perms": "0775",
          "size": 4096,
          "sha1": null
        },
        {
          "path": "Api\/Core.php",
          "dir": false,
          "file": true,
          "perms": "0664",
          "size": 2949,
          "sha1": "159d581daef3ed69563dfe443d3af4d853107fd8"
        },
        {
          "path": "views",
          "dir": true,
          "file": false,
          "perms": "0775",
          "size": 4096,
          "sha1": null
        },
        {
          "path": "views\/scripts",
          "dir": true,
          "file": false,
          "perms": "0775",
          "size": 4096,
          "sha1": null
        },
        {
          "path": "views\/scripts\/_activityComments.tpl",
          "dir": false,
          "file": true,
          "perms": "0775",
          "size": 20568,
          "sha1": "a4c51c31b736475e56c2df8f03fdbd9969108df5"
        },
        {
          "path": "views\/scripts\/notifications",
          "dir": true,
          "file": false,
          "perms": "0775",
          "size": 4096,
          "sha1": null
        },
        {
          "path": "views\/scripts\/notifications\/pulldown.tpl",
          "dir": false,
          "file": true,
          "perms": "0664",
          "size": 669,
          "sha1": "221f890bcce678e148282d195bcc6330003156cf"
        },
        {
          "path": "views\/scripts\/notifications\/index.tpl",
          "dir": false,
          "file": true,
          "perms": "0664",
          "size": 5952,
          "sha1": "30f3df6d73590dab27a77e39dfa235a768e804f2"
        },
        {
          "path": "views\/scripts\/notifications\/hide.tpl",
          "dir": false,
          "file": true,
          "perms": "0664",
          "size": 281,
          "sha1": "fc6357f232249f238cb2eaee29048d44c8f4c3b0"
        },
        {
          "path": "views\/scripts\/notifications\/update.tpl",
          "dir": false,
          "file": true,
          "perms": "0664",
          "size": 844,
          "sha1": "b179ebb2920f6d9fbe4a79c6b0d25acf29e7e0a5"
        },
        {
          "path": "views\/scripts\/admin-settings",
          "dir": true,
          "file": false,
          "perms": "0775",
          "size": 4096,
          "sha1": null
        },
        {
          "path": "views\/scripts\/admin-settings\/index.tpl",
          "dir": false,
          "file": true,
          "perms": "0664",
          "size": 702,
          "sha1": "2b9f3dbe99283d02c7ced5d423e60fe8b8be5bbb"
        },
        {
          "path": "views\/scripts\/admin-settings\/notifications.tpl",
          "dir": false,
          "file": true,
          "perms": "0664",
          "size": 368,
          "sha1": "713bb56d4a6c5aff4bafce5c5ae335d712ac6d6f"
        },
        {
          "path": "views\/scripts\/admin-settings\/types.tpl",
          "dir": false,
          "file": true,
          "perms": "0664",
          "size": 536,
          "sha1": "f38706398c4819092e2638c3f8eaf243201b819d"
        },
        {
          "path": "views\/scripts\/index",
          "dir": true,
          "file": false,
          "perms": "0775",
          "size": 4096,
          "sha1": null
        },
        {
          "path": "views\/scripts\/index\/post.tpl",
          "dir": false,
          "file": true,
          "perms": "0664",
          "size": 294,
          "sha1": "65246c59c3b98c03c9da3ce7306d6ecc06c428a8"
        },
        {
          "path": "views\/scripts\/index\/deleted-item.tpl",
          "dir": false,
          "file": true,
          "perms": "0664",
          "size": 635,
          "sha1": "0f1a85a30b060e88023794ed4a17074138a65704"
        },
        {
          "path": "views\/scripts\/index\/comment.tpl",
          "dir": false,
          "file": true,
          "perms": "0664",
          "size": 557,
          "sha1": "94e532e2be241f7b12befd0641eae5f45601b826"
        },
        {
          "path": "views\/scripts\/index\/viewcomment.tpl",
          "dir": false,
          "file": true,
          "perms": "0664",
          "size": 658,
          "sha1": "0efbdb11ab5f7e8c1bb16e42b8d1fb25cf34595f"
        },
        {
          "path": "views\/scripts\/index\/share.tpl",
          "dir": false,
          "file": true,
          "perms": "0664",
          "size": 1699,
          "sha1": "bb841ef552804b49859cb6ccbb67d139d47232b9"
        },
        {
          "path": "views\/scripts\/index\/deleted-comment.tpl",
          "dir": false,
          "file": true,
          "perms": "0664",
          "size": 557,
          "sha1": "f4885273e5e8cd599ea5db81a91ad9944cd8c24e"
        },
        {
          "path": "views\/scripts\/index\/delete.tpl",
          "dir": false,
          "file": true,
          "perms": "0664",
          "size": 1743,
          "sha1": "6cf8b46adfb8c5d4e25cda8f61bde5666b31535d"
        },
        {
          "path": "views\/scripts\/_activityText.tpl",
          "dir": false,
          "file": true,
          "perms": "0775",
          "size": 21512,
          "sha1": "dd24d0ae042e970eefff0e0dea539fc36b6acae4"
        },
        {
          "path": "widgets",
          "dir": true,
          "file": false,
          "perms": "0775",
          "size": 4096,
          "sha1": null
        },
        {
          "path": "widgets\/list-requests",
          "dir": true,
          "file": false,
          "perms": "0775",
          "size": 4096,
          "sha1": null
        },
        {
          "path": "widgets\/list-requests\/index.tpl",
          "dir": false,
          "file": true,
          "perms": "0664",
          "size": 1221,
          "sha1": "88206efbd3334b13376855036753d2f1bddae636"
        },
        {
          "path": "widgets\/list-requests\/Controller.php",
          "dir": false,
          "file": true,
          "perms": "0664",
          "size": 1005,
          "sha1": "7e40538b288dfa1a15b1735df2360a928d523aa5"
        },
        {
          "path": "widgets\/feed",
          "dir": true,
          "file": false,
          "perms": "0775",
          "size": 4096,
          "sha1": null
        },
        {
          "path": "widgets\/feed\/index.tpl",
          "dir": false,
          "file": true,
          "perms": "0664",
          "size": 8782,
          "sha1": "3f2317050faed82919158469cad351987b9c6d2e"
        },
        {
          "path": "widgets\/feed\/Controller.php",
          "dir": false,
          "file": true,
          "perms": "0664",
          "size": 8357,
          "sha1": "3517533e516ba22a0b78bd0bf305f19775c343a0"
        },
        {
          "path": "externals",
          "dir": true,
          "file": false,
          "perms": "0775",
          "size": 4096,
          "sha1": null
        },
        {
          "path": "externals\/.htaccess",
          "dir": false,
          "file": true,
          "perms": "0664",
          "size": 1042,
          "sha1": "6c835f103d253edf70bfd5ba2430ebe3fa8cacdd"
        },
        {
          "path": "externals\/styles",
          "dir": true,
          "file": false,
          "perms": "0775",
          "size": 4096,
          "sha1": null
        },
        {
          "path": "externals\/styles\/mobile.css",
          "dir": false,
          "file": true,
          "perms": "0664",
          "size": 5422,
          "sha1": "5e98238738d6ad200740953a55440817de6edcfc"
        },
        {
          "path": "externals\/styles\/main.css",
          "dir": false,
          "file": true,
          "perms": "0664",
          "size": 8472,
          "sha1": "70238fafc994d35b80b7a7ffb95ed3dd276b530c"
        },
        {
          "path": "externals\/scripts",
          "dir": true,
          "file": false,
          "perms": "0775",
          "size": 4096,
          "sha1": null
        },
        {
          "path": "externals\/scripts\/core.js",
          "dir": false,
          "file": true,
          "perms": "0664",
          "size": 14698,
          "sha1": "219d3fbba0f1c0b18c79c011782a2f0f3f6005b7"
        },
        {
          "path": "externals\/images",
          "dir": true,
          "file": false,
          "perms": "0775",
          "size": 4096,
          "sha1": null
        },
        {
          "path": "externals\/images\/twitter.png",
          "dir": false,
          "file": true,
          "perms": "0664",
          "size": 658,
          "sha1": "baa186067518dfa1f18a2afcb50af03041e40aa4"
        },
        {
          "path": "externals\/images\/loading.gif",
          "dir": false,
          "file": true,
          "perms": "0664",
          "size": 847,
          "sha1": "7bf9632e929cab51d52d6ada53b1180415544693"
        },
        {
          "path": "externals\/images\/link.png",
          "dir": false,
          "file": true,
          "perms": "0664",
          "size": 830,
          "sha1": "558e9c4cd06f019952ef88c74c9c92b31eb58e0e"
        },
        {
          "path": "externals\/images\/twitter_inactive.png",
          "dir": false,
          "file": true,
          "perms": "0664",
          "size": 566,
          "sha1": "50186dd2a94ce167be6d027c16c2f599766d2098"
        },
        {
          "path": "externals\/images\/less.png",
          "dir": false,
          "file": true,
          "perms": "0664",
          "size": 249,
          "sha1": "f677dcec2260f5dea6107cb6de532055865fe1c2"
        },
        {
          "path": "externals\/images\/facebook_inactive.png",
          "dir": false,
          "file": true,
          "perms": "0664",
          "size": 189,
          "sha1": "b96fd50a8d37e40e5aa0791f1ecaa71ed1021ef0"
        },
        {
          "path": "externals\/images\/post.png",
          "dir": false,
          "file": true,
          "perms": "0664",
          "size": 444,
          "sha1": "3bed7d7fef488eb238a052b5afe174847d109b8d"
        },
        {
          "path": "externals\/images\/nophoto_action_thumb_icon.png",
          "dir": false,
          "file": true,
          "perms": "0664",
          "size": 620,
          "sha1": "c1c433e709c7679e8d9838fca5d54db7aaedf527"
        },
        {
          "path": "externals\/images\/activity",
          "dir": true,
          "file": false,
          "perms": "0775",
          "size": 4096,
          "sha1": null
        },
        {
          "path": "externals\/images\/activity\/comment.png",
          "dir": false,
          "file": true,
          "perms": "0664",
          "size": 413,
          "sha1": "5040bd61de2f06bb58e2d1a5e78886578bcc61c5"
        },
        {
          "path": "externals\/images\/activity\/tagged.png",
          "dir": false,
          "file": true,
          "perms": "0664",
          "size": 586,
          "sha1": "59ba0d678437b8b8279013d9d6be13dcae376300"
        },
        {
          "path": "externals\/images\/activity\/like.png",
          "dir": false,
          "file": true,
          "perms": "0664",
          "size": 619,
          "sha1": "24ef9ef0289ec51aef1972b702ad0c470c64e44b"
        },
        {
          "path": "externals\/images\/activity\/post.png",
          "dir": false,
          "file": true,
          "perms": "0664",
          "size": 716,
          "sha1": "42729bbadce552466854e16f9c41ca155890d7cb"
        },
        {
          "path": "externals\/images\/facebook.png",
          "dir": false,
          "file": true,
          "perms": "0664",
          "size": 287,
          "sha1": "277f578fb3461e964fcf438779c09e234647cbeb"
        },
        {
          "path": "externals\/images\/viewmore.png",
          "dir": false,
          "file": true,
          "perms": "0664",
          "size": 426,
          "sha1": "bf3c7a50ffa57b3c3e06481f8061d1340662f2a8"
        },
        {
          "path": "externals\/images\/more.png",
          "dir": false,
          "file": true,
          "perms": "0664",
          "size": 250,
          "sha1": "e90346d849a29a3c679b6b3b01f406d6e88dd188"
        },
        {
          "path": "externals\/images\/request_friend.png",
          "dir": false,
          "file": true,
          "perms": "0664",
          "size": 746,
          "sha1": "56a6f12c36ef9e5220b070830a3d36b23450ff22"
        },
        {
          "path": "externals\/images\/request_event.png",
          "dir": false,
          "file": true,
          "perms": "0664",
          "size": 626,
          "sha1": "94a3d0236ff91e15de79c1c78524a077a1261fb8"
        },
        {
          "path": "Model",
          "dir": true,
          "file": false,
          "perms": "0775",
          "size": 4096,
          "sha1": null
        },
        {
          "path": "Model\/Like.php",
          "dir": false,
          "file": true,
          "perms": "0664",
          "size": 536,
          "sha1": "7b38bb2995b8d4e8ba59334d20717cb8c462a62f"
        },
        {
          "path": "Model\/Notification.php",
          "dir": false,
          "file": true,
          "perms": "0664",
          "size": 2271,
          "sha1": "bfad1435d2e273b9147cfff0ae48d84f85d5b6ed"
        },
        {
          "path": "Model\/Exception.php",
          "dir": false,
          "file": true,
          "perms": "0664",
          "size": 508,
          "sha1": "fc596cfd578bcaf48ee5b83e22533714f48df8af"
        },
        {
          "path": "Model\/Action.php",
          "dir": false,
          "file": true,
          "perms": "0775",
          "size": 11090,
          "sha1": "4e5af61a64a30a17f750f5fd2744fa21ce6422c4"
        },
        {
          "path": "Model\/DbTable",
          "dir": true,
          "file": false,
          "perms": "0775",
          "size": 4096,
          "sha1": null
        },
        {
          "path": "Model\/DbTable\/NotificationSettings.php",
          "dir": false,
          "file": true,
          "perms": "0664",
          "size": 2732,
          "sha1": "ba569865842027259827a822b89893225f847772"
        },
        {
          "path": "Model\/DbTable\/NotificationTypes.php",
          "dir": false,
          "file": true,
          "perms": "0664",
          "size": 4814,
          "sha1": "899b59f03a070df644d33d0ab82ef7592f5ed0d0"
        },
        {
          "path": "Model\/DbTable\/Stream.php",
          "dir": false,
          "file": true,
          "perms": "0664",
          "size": 518,
          "sha1": "6241949ddea6edccce4ce302549cf79c37c7c2ee"
        },
        {
          "path": "Model\/DbTable\/Notifications.php",
          "dir": false,
          "file": true,
          "perms": "0664",
          "size": 16224,
          "sha1": "0542f2c95451c67844aeeddd3e5a0c1746ab6ab0"
        },
        {
          "path": "Model\/DbTable\/Attachments.php",
          "dir": false,
          "file": true,
          "perms": "0664",
          "size": 530,
          "sha1": "f48b1704a5390709d06d37e08d528348428ccc62"
        },
        {
          "path": "Model\/DbTable\/Comments.php",
          "dir": false,
          "file": true,
          "perms": "0664",
          "size": 659,
          "sha1": "9d5ea486057b9ec6b72ab3a75643fd9702218a41"
        },
        {
          "path": "Model\/DbTable\/Requests.php",
          "dir": false,
          "file": true,
          "perms": "0664",
          "size": 572,
          "sha1": "88a2174d0043526f35f62d5df288a8f54f20a452"
        },
        {
          "path": "Model\/DbTable\/ActionTypes.php",
          "dir": false,
          "file": true,
          "perms": "0664",
          "size": 4845,
          "sha1": "8519e251365e20515dc653e26b6e8749185fbd35"
        },
        {
          "path": "Model\/DbTable\/Actions.php",
          "dir": false,
          "file": true,
          "perms": "0664",
          "size": 16652,
          "sha1": "c5c112d62c9b870a9c6387df0cda04a38ed666e4"
        },
        {
          "path": "Model\/DbTable\/Likes.php",
          "dir": false,
          "file": true,
          "perms": "0664",
          "size": 572,
          "sha1": "19637755b419e8657c46ef41bd87e45b8f87e5ae"
        },
        {
          "path": "Model\/DbTable\/ActionSettings.php",
          "dir": false,
          "file": true,
          "perms": "0664",
          "size": 3412,
          "sha1": "f6a12c0244d9b6980f4238ab7bcb889d7b306426"
        },
        {
          "path": "Model\/Helper",
          "dir": true,
          "file": false,
          "perms": "0775",
          "size": 4096,
          "sha1": null
        },
        {
          "path": "Model\/Helper\/Body.php",
          "dir": false,
          "file": true,
          "perms": "0664",
          "size": 859,
          "sha1": "ff9b2c24c29276bdfc87e53dd6fe564db3e9635f"
        },
        {
          "path": "Model\/Helper\/Var.php",
          "dir": false,
          "file": true,
          "perms": "0775",
          "size": 2705,
          "sha1": "5b3ab11a15000b415721bfad744adf4da6349e43"
        },
        {
          "path": "Model\/Helper\/ItemChild.php",
          "dir": false,
          "file": true,
          "perms": "0664",
          "size": 1232,
          "sha1": "0339aef8004b05c2d12f3538c34883f63f914dc9"
        },
        {
          "path": "Model\/Helper\/ItemParent.php",
          "dir": false,
          "file": true,
          "perms": "0664",
          "size": 880,
          "sha1": "0d31e13dde087d0aff7cad191d3733cc5b9205b7"
        },
        {
          "path": "Model\/Helper\/Actors.php",
          "dir": false,
          "file": true,
          "perms": "0664",
          "size": 1508,
          "sha1": "15dd5ef458ea77071966afe7bc9f2d22cd3cac71"
        },
        {
          "path": "Model\/Helper\/Item.php",
          "dir": false,
          "file": true,
          "perms": "0664",
          "size": 1539,
          "sha1": "d4cfb0cea019bc75940acabea49c387116353930"
        },
        {
          "path": "Model\/Helper\/Abstract.php",
          "dir": false,
          "file": true,
          "perms": "0664",
          "size": 1770,
          "sha1": "099afcb67712fb78ac49bed0da76e21e8abb90a1"
        },
        {
          "path": "Model\/Helper\/Url.php",
          "dir": false,
          "file": true,
          "perms": "0664",
          "size": 1320,
          "sha1": "f85053899be2b3ca2a38aee3b2fe993c1168298e"
        },
        {
          "path": "Model\/Helper\/Translate.php",
          "dir": false,
          "file": true,
          "perms": "0664",
          "size": 887,
          "sha1": "25ce55244bac929c7e49c244fde97881253f9d91"
        },
        {
          "path": "Model\/Comment.php",
          "dir": false,
          "file": true,
          "perms": "0664",
          "size": 547,
          "sha1": "0551568850c5314e8acdbf103141fc107438518d"
        },
        {
          "path": "controllers",
          "dir": true,
          "file": false,
          "perms": "0775",
          "size": 4096,
          "sha1": null
        },
        {
          "path": "controllers\/AjaxController.php",
          "dir": false,
          "file": true,
          "perms": "0664",
          "size": 2107,
          "sha1": "68dbcdc49b3fc67bae3afc971b4baf526fc8717d"
        },
        {
          "path": "controllers\/AdminSettingsController.php",
          "dir": false,
          "file": true,
          "perms": "0664",
          "size": 6090,
          "sha1": "32db0c7209a0abf46fc0655ececa67a1adb8eef2"
        },
        {
          "path": "controllers\/NotificationsController.php",
          "dir": false,
          "file": true,
          "perms": "0664",
          "size": 3833,
          "sha1": "5c470f8c343a5a04ce64c0ff7fae96b5dbea405f"
        },
        {
          "path": "controllers\/IndexController.php",
          "dir": false,
          "file": true,
          "perms": "0775",
          "size": 36304,
          "sha1": "2a7e4adfe37345905ec6c9efb14c6ac939d51e11"
        }
      ]
    },
    "application\/languages\/en\/activity.csv": {
      "type": "file",
      "path": "application\/languages\/en\/activity.csv",
      "structure": {
        "path": "activity.csv",
        "dir": false,
        "file": true,
        "perms": "0664",
        "size": 14904,
        "sha1": "0a79eab3884a7a5712d9f36eb12267cc8bc16eae"
      }
    }
  }
}