{
  "type": "theme",
  "name": "snowbot",
  "version": "4.7.0",
  "revision": "10113",
  "path": "application\/themes\/snowbot",
  "repository": null,
  "date": "Mon, 22 Jun 2015 17:06:09 +0000",
  "title": "Snowbot",
  "description": null,
  "thumb": "snowbot_theme.jpg",
  "developer": null,
  "authors": [
    "Webligo Developments"
  ],
  "changeLog": {
    "4.7.0": {
      "images\/*": "Optimized images",
      "manifest.php": "Incremented version"
    },
    "4.6.0": {
      "manifest.php": "Incremented version",
      "theme.css": "Fixed issue with user-select"
    },
    "4.2.0": {
      "manifest.php": "Incremented version",
      "theme.css": "Fixed issue with feed comment option list"
    },
    "4.1.8p1": {
      "manifest.php": "Incremented version",
      "theme.css": "Fixed issue with new pages in the layout editor"
    },
    "4.1.8": {
      "manifest.php": "Incremented version",
      "mobile.css": "Added styles for HTML5 input elements",
      "theme.css": "Added styles for HTML5 input elements"
    },
    "4.1.4": {
      "mainfest.php": "Incremented version",
      "mobile.css": "Added new type of stylesheet"
    },
    "4.0.1": {
      "manifest.php": "Incremented version; removed deprecated meta key"
    }
  },
  "meta": {
    "date": "Mon, 22 Jun 2015 17:06:09 +0000",
    "title": "Snowbot",
    "description": null,
    "developer": null,
    "authors": [
      "Webligo Developments"
    ],
    "changeLog": null
  },
  "actions": [
    "install",
    "upgrade",
    "refresh",
    "remove"
  ],
  "callback": {
    "path": null,
    "class": "Engine_Package_Installer_Theme",
    "priority": 100
  },
  "dependencies": null,
  "tests": [
    
  ],
  "permissions": [
    
  ],
  "structure": {
    "application\/themes\/snowbot": {
      "type": "directory",
      "path": "application\/themes\/snowbot",
      "structure": [
        {
          "path": "constants.css",
          "dir": false,
          "file": true,
          "perms": "0775",
          "size": 6457,
          "sha1": "6bc2263744782deb67ed87b330300c11a3e9c76d"
        },
        {
          "path": "manifest.php",
          "dir": false,
          "file": true,
          "perms": "0775",
          "size": 2009,
          "sha1": "321a19a450c214fac63c9c575d96f422c02686ae"
        },
        {
          "path": "mobile.css",
          "dir": false,
          "file": true,
          "perms": "0664",
          "size": 18977,
          "sha1": "d65028293304e74f119334ba2e2650c9d75474b5"
        },
        {
          "path": "snowbot_theme.jpg",
          "dir": false,
          "file": true,
          "perms": "0664",
          "size": 6022,
          "sha1": "fb7b8f9f5cd3d7666062053d3a507da6621c6104"
        },
        {
          "path": "theme.css",
          "dir": false,
          "file": true,
          "perms": "0775",
          "size": 34735,
          "sha1": "813e7781e8d9d11ce5fb3547a1415f1cb7aa55be"
        },
        {
          "path": "images",
          "dir": true,
          "file": false,
          "perms": "0775",
          "size": 4096,
          "sha1": null
        },
        {
          "path": "images\/feed_post_bg.png",
          "dir": false,
          "file": true,
          "perms": "0664",
          "size": 134,
          "sha1": "5b7805cfda8b1fa1216bbad3f64a4692567a5d24"
        },
        {
          "path": "images\/button_bg_pulldown.png",
          "dir": false,
          "file": true,
          "perms": "0664",
          "size": 130,
          "sha1": "cd01a0d9375159463183d0f375102e603acc0676"
        },
        {
          "path": "images\/heading_bg.png",
          "dir": false,
          "file": true,
          "perms": "0664",
          "size": 141,
          "sha1": "c220552a389caffcb1fb4edfa5def42cdb4de2e0"
        },
        {
          "path": "images\/pulldown_bg.png",
          "dir": false,
          "file": true,
          "perms": "0664",
          "size": 893,
          "sha1": "b2d303bb02c64dc2b3233e66ba61b356d7cf9b19"
        },
        {
          "path": "images\/button_bg_hover.png",
          "dir": false,
          "file": true,
          "perms": "0664",
          "size": 117,
          "sha1": "e63bad64bd369f8b036c07fb6d7ff17f03980817"
        },
        {
          "path": "images\/pulldown_row_bg.png",
          "dir": false,
          "file": true,
          "perms": "0664",
          "size": 293,
          "sha1": "f5de9a69b73ae9853474564ade3b024f7c5df124"
        },
        {
          "path": "images\/body_bg.png",
          "dir": false,
          "file": true,
          "perms": "0664",
          "size": 160,
          "sha1": "d4aac60e828e5ae455f9bc11ca31b981fddc84ac"
        },
        {
          "path": "images\/quote_icon.png",
          "dir": false,
          "file": true,
          "perms": "0664",
          "size": 294,
          "sha1": "ab2880446191d6d999856e3ec597335258f04d41"
        },
        {
          "path": "images\/menu_bg.png",
          "dir": false,
          "file": true,
          "perms": "0664",
          "size": 149,
          "sha1": "5a9eeba523673bdbe55d2e6d6d2a1d689e3a78e2"
        },
        {
          "path": "images\/menu_bg_light.png",
          "dir": false,
          "file": true,
          "perms": "0664",
          "size": 140,
          "sha1": "9147fde60e9b3ce6c1fd7e3cf00b7cc5d82ac6b3"
        },
        {
          "path": "images\/pulldown_row_bg_alt.png",
          "dir": false,
          "file": true,
          "perms": "0664",
          "size": 282,
          "sha1": "c3915f9b1ba2392c00bbaa0e400af07c8d1307a8"
        },
        {
          "path": "images\/button_bg.png",
          "dir": false,
          "file": true,
          "perms": "0664",
          "size": 118,
          "sha1": "53734991dee3e3a7bdb79f8de47eac65d25fa92a"
        },
        {
          "path": "images\/menu_bg_line.png",
          "dir": false,
          "file": true,
          "perms": "0664",
          "size": 165,
          "sha1": "a49e1b0aa98053a17938b9c49e659817b1a3728d"
        }
      ]
    }
  }
}