{
  "type": "theme",
  "name": "kandy-watermelon",
  "version": "4.8.5",
  "revision": "10267",
  "path": "application\/themes\/kandy-watermelon",
  "repository": null,
  "date": "Mon, 22 Jun 2015 17:06:09 +0000",
  "title": "Kandy Watermelon",
  "description": null,
  "thumb": "thumb.png",
  "developer": null,
  "authors": [
    "Webligo Developments"
  ],
  "changeLog": {
    "4.8.5": {
      "theme.css": "Display the submit button when flash is disabled",
      "manifest.php": "Incremented version"
    },
    "4.7.0": {
      "images\/*": "Optimized images",
      "manifest.php": "Incremented version"
    },
    "4.6.0": {
      "manifest.php": "Incremented version",
      "theme.css": "Fixed issue with user-select"
    }
  },
  "meta": {
    "date": "Mon, 22 Jun 2015 17:06:09 +0000",
    "title": "Kandy Watermelon",
    "description": null,
    "developer": null,
    "authors": [
      "Webligo Developments"
    ],
    "changeLog": null
  },
  "actions": [
    "install",
    "upgrade",
    "refresh",
    "remove"
  ],
  "callback": {
    "path": null,
    "class": "Engine_Package_Installer_Theme",
    "priority": 100
  },
  "dependencies": null,
  "tests": [
    
  ],
  "permissions": [
    
  ],
  "structure": {
    "application\/themes\/kandy-watermelon": {
      "type": "directory",
      "path": "application\/themes\/kandy-watermelon",
      "structure": [
        {
          "path": "constants.css",
          "dir": false,
          "file": true,
          "perms": "0664",
          "size": 6251,
          "sha1": "3d9002dc28d5533ff6e59e55753300d5539c2b7c"
        },
        {
          "path": "manifest.php",
          "dir": false,
          "file": true,
          "perms": "0664",
          "size": 1415,
          "sha1": "d902b3cac1372a4a8c18a55b93b8d0e97314934e"
        },
        {
          "path": "mobile.css",
          "dir": false,
          "file": true,
          "perms": "0664",
          "size": 19831,
          "sha1": "457080b3ebcbc1e08987191591a8adcc6debaaad"
        },
        {
          "path": "thumb.png",
          "dir": false,
          "file": true,
          "perms": "0664",
          "size": 3220,
          "sha1": "e7fb90b5113590ef6ec8baf2fdf3fefbb3cc4c47"
        },
        {
          "path": "theme.css",
          "dir": false,
          "file": true,
          "perms": "0664",
          "size": 31693,
          "sha1": "2c9714ce23eeee5e7eb463a28667b2ead47b0e3d"
        },
        {
          "path": "images",
          "dir": true,
          "file": false,
          "perms": "0775",
          "size": 4096,
          "sha1": null
        },
        {
          "path": "images\/icon_explore.png",
          "dir": false,
          "file": true,
          "perms": "0664",
          "size": 1255,
          "sha1": "dfb863ec87676f91bc315cf088d159bb8cb815ca"
        },
        {
          "path": "images\/widget_header_bg.png",
          "dir": false,
          "file": true,
          "perms": "0664",
          "size": 1213,
          "sha1": "1618b20a62a2a6a2b0a873b133dd1c130c805e2f"
        },
        {
          "path": "images\/home_btn.png",
          "dir": false,
          "file": true,
          "perms": "0664",
          "size": 2073,
          "sha1": "536c7d3502ffacbe8bc39d8f107f101d2c234afb"
        },
        {
          "path": "images\/arrow_bg.png",
          "dir": false,
          "file": true,
          "perms": "0664",
          "size": 1076,
          "sha1": "54b7218447cd9a87287e8435be931b4c2cf5a92c"
        },
        {
          "path": "images\/icon_search.png",
          "dir": false,
          "file": true,
          "perms": "0664",
          "size": 1489,
          "sha1": "5b713e11b11deecb12426b7f178c3676fdc39ae6"
        },
        {
          "path": "images\/footer_bg.png",
          "dir": false,
          "file": true,
          "perms": "0664",
          "size": 921,
          "sha1": "2ad3249bf743fabc8ec3ef2de33f76af5ea1f7f1"
        },
        {
          "path": "images\/sep.png",
          "dir": false,
          "file": true,
          "perms": "0664",
          "size": 917,
          "sha1": "1e04a81bc2a1e1ad4316c78e5e36210342b7be19"
        }
      ]
    }
  }
}