{
  "type": "theme",
  "name": "grid-brown",
  "version": "4.7.0",
  "revision": "10113",
  "path": "application\/themes\/grid-brown",
  "repository": null,
  "date": "Mon, 22 Jun 2015 17:06:09 +0000",
  "title": "Grid Brown",
  "description": null,
  "thumb": "grid_theme.png",
  "developer": null,
  "authors": [
    "Webligo Developments"
  ],
  "changeLog": {
    "4.7.0": {
      "images\/*": "Optimized images",
      "manifest.php": "Incremented version"
    },
    "4.6.0": {
      "manifest.php": "Incremented version",
      "theme.css": "Fixed issue with user-select"
    }
  },
  "meta": {
    "date": "Mon, 22 Jun 2015 17:06:09 +0000",
    "title": "Grid Brown",
    "description": null,
    "developer": null,
    "authors": [
      "Webligo Developments"
    ],
    "changeLog": null
  },
  "actions": [
    "install",
    "upgrade",
    "refresh",
    "remove"
  ],
  "callback": {
    "path": null,
    "class": "Engine_Package_Installer_Theme",
    "priority": 100
  },
  "dependencies": null,
  "tests": [
    
  ],
  "permissions": [
    
  ],
  "structure": {
    "application\/themes\/grid-brown": {
      "type": "directory",
      "path": "application\/themes\/grid-brown",
      "structure": [
        {
          "path": "grid_theme.png",
          "dir": false,
          "file": true,
          "perms": "0664",
          "size": 15194,
          "sha1": "01fd9e5de9cf9ff493bdcf8e4b0e87c9aca4a12d"
        },
        {
          "path": "constants.css",
          "dir": false,
          "file": true,
          "perms": "0664",
          "size": 6731,
          "sha1": "08ef64bafed37c09b713791f486e2d7e62a804a3"
        },
        {
          "path": "manifest.php",
          "dir": false,
          "file": true,
          "perms": "0664",
          "size": 1239,
          "sha1": "bbd06cfe3b4fc2f37181d5782becb237e2e2904a"
        },
        {
          "path": "mobile.css",
          "dir": false,
          "file": true,
          "perms": "0664",
          "size": 20096,
          "sha1": "829995f8895f3d8965db911d270befd11a7dd6f0"
        },
        {
          "path": "theme.css",
          "dir": false,
          "file": true,
          "perms": "0664",
          "size": 33495,
          "sha1": "b6898c33132ccbcc8080ad4e5a60ac409990c13a"
        },
        {
          "path": "images",
          "dir": true,
          "file": false,
          "perms": "0775",
          "size": 4096,
          "sha1": null
        },
        {
          "path": "images\/search_bg.png",
          "dir": false,
          "file": true,
          "perms": "0664",
          "size": 116,
          "sha1": "eb052207d1796e8d4c0bb205e205f92b422d7045"
        },
        {
          "path": "images\/arrow_r.png",
          "dir": false,
          "file": true,
          "perms": "0664",
          "size": 230,
          "sha1": "54e679e231caf6d661479abe176154754442a0ff"
        },
        {
          "path": "images\/grid_light.png",
          "dir": false,
          "file": true,
          "perms": "0664",
          "size": 2547,
          "sha1": "af19ff0fd4192cc48857d5326613d82f31801fc4"
        },
        {
          "path": "images\/arrow_d.png",
          "dir": false,
          "file": true,
          "perms": "0664",
          "size": 239,
          "sha1": "3d67f0af4f2e694ad0ed79cf79e30a2e6feed12b"
        },
        {
          "path": "images\/services_sep.png",
          "dir": false,
          "file": true,
          "perms": "0664",
          "size": 118,
          "sha1": "fec62546a64fc189395516f82e61faef76f151df"
        },
        {
          "path": "images\/comment_blocks.png",
          "dir": false,
          "file": true,
          "perms": "0664",
          "size": 149,
          "sha1": "e90de2b5649ec99519cd8c9f4a92cc6e2a09dce8"
        },
        {
          "path": "images\/grid_dark.png",
          "dir": false,
          "file": true,
          "perms": "0664",
          "size": 147,
          "sha1": "bc60eb8be092e22bfa65500f7fbe6796ce4f1426"
        },
        {
          "path": "images\/clock_icon.png",
          "dir": false,
          "file": true,
          "perms": "0664",
          "size": 418,
          "sha1": "8bf137a793e5b06e6b226e81a05469dae3467b48"
        },
        {
          "path": "images\/icons",
          "dir": true,
          "file": false,
          "perms": "0775",
          "size": 4096,
          "sha1": null
        },
        {
          "path": "images\/icons\/twitter.png",
          "dir": false,
          "file": true,
          "perms": "0664",
          "size": 514,
          "sha1": "aa531afa31d3cbdff3be8186f91d86ea08cb0fd0"
        },
        {
          "path": "images\/icons\/reddit.png",
          "dir": false,
          "file": true,
          "perms": "0664",
          "size": 679,
          "sha1": "c27274b1af8fbf3b7ba236a9496c4e4417b41b3b"
        },
        {
          "path": "images\/icons\/facebook.png",
          "dir": false,
          "file": true,
          "perms": "0664",
          "size": 552,
          "sha1": "ea706f830352b302e5ae687f66be794dcc287cea"
        },
        {
          "path": "images\/icons\/skype.png",
          "dir": false,
          "file": true,
          "perms": "0664",
          "size": 737,
          "sha1": "d770517aa186a14b8e2a5a54ebe696af576be1cd"
        },
        {
          "path": "images\/icons\/stumbleupon.png",
          "dir": false,
          "file": true,
          "perms": "0664",
          "size": 630,
          "sha1": "3160dfeea26ac3df99cf268f4d66d91c9fed52f6"
        },
        {
          "path": "images\/icons\/google.png",
          "dir": false,
          "file": true,
          "perms": "0664",
          "size": 602,
          "sha1": "97fe11120986e2c3b66786df06f9e4eb09734898"
        },
        {
          "path": "images\/sep.png",
          "dir": false,
          "file": true,
          "perms": "0664",
          "size": 110,
          "sha1": "d0a2d20655f0fc2ad4deed4c54fa5bfaf8f5c630"
        }
      ]
    }
  }
}