{
  "type": "theme",
  "name": "quantum-orange",
  "version": "4.7.0",
  "revision": "10113",
  "path": "application\/themes\/quantum-orange",
  "repository": null,
  "date": "Mon, 22 Jun 2015 17:06:09 +0000",
  "title": "Quantum Orange",
  "description": null,
  "thumb": "quantum_theme.png",
  "developer": null,
  "authors": [
    "Webligo Developments"
  ],
  "changeLog": {
    "4.7.0": {
      "images\/*": "Optimized images",
      "manifest.php": "Incremented version"
    },
    "4.6.0": {
      "manifest.php": "Incremented version",
      "theme.css": "Fixed issue with user-select"
    }
  },
  "meta": {
    "date": "Mon, 22 Jun 2015 17:06:09 +0000",
    "title": "Quantum Orange",
    "description": null,
    "developer": null,
    "authors": [
      "Webligo Developments"
    ],
    "changeLog": null
  },
  "actions": [
    "install",
    "upgrade",
    "refresh",
    "remove"
  ],
  "callback": {
    "path": null,
    "class": "Engine_Package_Installer_Theme",
    "priority": 100
  },
  "dependencies": null,
  "tests": [
    
  ],
  "permissions": [
    
  ],
  "structure": {
    "application\/themes\/quantum-orange": {
      "type": "directory",
      "path": "application\/themes\/quantum-orange",
      "structure": [
        {
          "path": "constants.css",
          "dir": false,
          "file": true,
          "perms": "0664",
          "size": 7316,
          "sha1": "1291eeb480cc7f332ae617f1f28645b71c6f28bf"
        },
        {
          "path": "manifest.php",
          "dir": false,
          "file": true,
          "perms": "0664",
          "size": 1292,
          "sha1": "b1a6772364178df15a39d8f51128390f71c149db"
        },
        {
          "path": "mobile.css",
          "dir": false,
          "file": true,
          "perms": "0664",
          "size": 19975,
          "sha1": "221e25d5278a8317b2c6139a431308f829f8c203"
        },
        {
          "path": "quantum_theme.png",
          "dir": false,
          "file": true,
          "perms": "0664",
          "size": 19565,
          "sha1": "e90e25636b4e4a13ea8c2bd9628535abcd5ccf5e"
        },
        {
          "path": "theme.css",
          "dir": false,
          "file": true,
          "perms": "0664",
          "size": 34962,
          "sha1": "647059b088fd0a6d0a4f5a96a0579bdd970d005c"
        },
        {
          "path": "images",
          "dir": true,
          "file": false,
          "perms": "0775",
          "size": 4096,
          "sha1": null
        },
        {
          "path": "images\/button.png",
          "dir": false,
          "file": true,
          "perms": "0664",
          "size": 149,
          "sha1": "9bea0855e0e90e8dae9c54fdfcd57606097c0285"
        },
        {
          "path": "images\/transparent_bg.png",
          "dir": false,
          "file": true,
          "perms": "0664",
          "size": 105,
          "sha1": "8f45d64dae27f1253f1ff5ddb44b5cdec8351209"
        },
        {
          "path": "images\/wrapper_bg.png",
          "dir": false,
          "file": true,
          "perms": "0664",
          "size": 154,
          "sha1": "2e1daf0284a71d59af9aec5e4f404ad5905787c3"
        },
        {
          "path": "images\/comment_first_bg.png",
          "dir": false,
          "file": true,
          "perms": "0664",
          "size": 1241,
          "sha1": "69787f258f86c83079651cd6b4253c766fbd11ec"
        },
        {
          "path": "images\/button_hover.png",
          "dir": false,
          "file": true,
          "perms": "0664",
          "size": 119,
          "sha1": "59aaf2cf9123832d0d53299e57ea3d9bc34deedd"
        },
        {
          "path": "images\/header_bg.png",
          "dir": false,
          "file": true,
          "perms": "0664",
          "size": 22905,
          "sha1": "f7489022b045d3e9d271374290f133a705de406e"
        },
        {
          "path": "images\/widget_header_bg.png",
          "dir": false,
          "file": true,
          "perms": "0664",
          "size": 151,
          "sha1": "65f0e83f3aa6e54051128be7c6c21e056092e779"
        },
        {
          "path": "images\/mini_menu_bg.png",
          "dir": false,
          "file": true,
          "perms": "0664",
          "size": 121,
          "sha1": "648064ada07c5422bde9d55781bf54bad4c070aa"
        },
        {
          "path": "images\/foreground.png",
          "dir": false,
          "file": true,
          "perms": "0664",
          "size": 130,
          "sha1": "fe58807f59065de0ba80b595cacfbe999fc34443"
        },
        {
          "path": "images\/main_menu_bg.png",
          "dir": false,
          "file": true,
          "perms": "0664",
          "size": 159,
          "sha1": "4b0987c0f5350c4955e35c7243042d248a59236a"
        }
      ]
    }
  }
}