{
  "type": "theme",
  "name": "kandy-mangoberry",
  "version": "4.8.5",
  "revision": "10267",
  "path": "application\/themes\/kandy-mangoberry",
  "repository": null,
  "date": "Mon, 22 Jun 2015 17:06:09 +0000",
  "title": "Kandy Mangoberry",
  "description": null,
  "thumb": "thumb.png",
  "developer": null,
  "authors": [
    "Webligo Developments"
  ],
  "changeLog": {
    "4.8.5": {
      "theme.css": "Display the submit button when flash is disabled",
      "manifest.php": "Incremented version"
    },
    "4.7.0": {
      "images\/*": "Optimized images",
      "manifest.php": "Incremented version"
    },
    "4.6.0": {
      "manifest.php": "Incremented version",
      "theme.css": "Fixed issue with user-select"
    }
  },
  "meta": {
    "date": "Mon, 22 Jun 2015 17:06:09 +0000",
    "title": "Kandy Mangoberry",
    "description": null,
    "developer": null,
    "authors": [
      "Webligo Developments"
    ],
    "changeLog": null
  },
  "actions": [
    "install",
    "upgrade",
    "refresh",
    "remove"
  ],
  "callback": {
    "path": null,
    "class": "Engine_Package_Installer_Theme",
    "priority": 100
  },
  "dependencies": null,
  "tests": [
    
  ],
  "permissions": [
    
  ],
  "structure": {
    "application\/themes\/kandy-mangoberry": {
      "type": "directory",
      "path": "application\/themes\/kandy-mangoberry",
      "structure": [
        {
          "path": "constants.css",
          "dir": false,
          "file": true,
          "perms": "0664",
          "size": 6251,
          "sha1": "06cda105b722f0948caea947a280f1d31bc80610"
        },
        {
          "path": "manifest.php",
          "dir": false,
          "file": true,
          "perms": "0664",
          "size": 1415,
          "sha1": "1223353a917af6f8891113af5cc5665b1dea024e"
        },
        {
          "path": "mobile.css",
          "dir": false,
          "file": true,
          "perms": "0664",
          "size": 19831,
          "sha1": "457080b3ebcbc1e08987191591a8adcc6debaaad"
        },
        {
          "path": "thumb.png",
          "dir": false,
          "file": true,
          "perms": "0664",
          "size": 3221,
          "sha1": "de82012880df603340d85c80d22153dbbaa32f22"
        },
        {
          "path": "theme.css",
          "dir": false,
          "file": true,
          "perms": "0664",
          "size": 31693,
          "sha1": "3ead98a07e224cd882f90e5ade6e893ca982e554"
        },
        {
          "path": "images",
          "dir": true,
          "file": false,
          "perms": "0775",
          "size": 4096,
          "sha1": null
        },
        {
          "path": "images\/icon_explore.png",
          "dir": false,
          "file": true,
          "perms": "0664",
          "size": 1255,
          "sha1": "dfb863ec87676f91bc315cf088d159bb8cb815ca"
        },
        {
          "path": "images\/widget_header_bg.png",
          "dir": false,
          "file": true,
          "perms": "0664",
          "size": 1213,
          "sha1": "fe908dc29e5c4e374fbcbef72af2ab62d1c583f9"
        },
        {
          "path": "images\/home_btn.png",
          "dir": false,
          "file": true,
          "perms": "0664",
          "size": 2089,
          "sha1": "76478a39f50d632ed1320ce1761aac0d876c6ffd"
        },
        {
          "path": "images\/arrow_bg.png",
          "dir": false,
          "file": true,
          "perms": "0664",
          "size": 1132,
          "sha1": "09a4852817cbde5ca5ca4ddb462f8040df6064ce"
        },
        {
          "path": "images\/icon_search.png",
          "dir": false,
          "file": true,
          "perms": "0664",
          "size": 1489,
          "sha1": "f8f26b7d7e9362d56fedae6308474f684dee2b6c"
        },
        {
          "path": "images\/footer_bg.png",
          "dir": false,
          "file": true,
          "perms": "0664",
          "size": 921,
          "sha1": "2ad3249bf743fabc8ec3ef2de33f76af5ea1f7f1"
        },
        {
          "path": "images\/sep.png",
          "dir": false,
          "file": true,
          "perms": "0664",
          "size": 917,
          "sha1": "1e04a81bc2a1e1ad4316c78e5e36210342b7be19"
        }
      ]
    }
  }
}