{
  "type": "theme",
  "name": "quantum-green",
  "version": "4.7.0",
  "revision": "10113",
  "path": "application\/themes\/quantum-green",
  "repository": null,
  "date": "Mon, 22 Jun 2015 17:06:09 +0000",
  "title": "Quantum Green",
  "description": null,
  "thumb": "quantum_theme.png",
  "developer": null,
  "authors": [
    "Webligo Developments"
  ],
  "changeLog": {
    "4.7.0": {
      "images\/*": "Optimized images",
      "manifest.php": "Incremented version"
    },
    "4.6.0": {
      "manifest.php": "Incremented version",
      "theme.css": "Fixed issue with user-select"
    }
  },
  "meta": {
    "date": "Mon, 22 Jun 2015 17:06:09 +0000",
    "title": "Quantum Green",
    "description": null,
    "developer": null,
    "authors": [
      "Webligo Developments"
    ],
    "changeLog": null
  },
  "actions": [
    "install",
    "upgrade",
    "refresh",
    "remove"
  ],
  "callback": {
    "path": null,
    "class": "Engine_Package_Installer_Theme",
    "priority": 100
  },
  "dependencies": null,
  "tests": [
    
  ],
  "permissions": [
    
  ],
  "structure": {
    "application\/themes\/quantum-green": {
      "type": "directory",
      "path": "application\/themes\/quantum-green",
      "structure": [
        {
          "path": "constants.css",
          "dir": false,
          "file": true,
          "perms": "0664",
          "size": 7315,
          "sha1": "f5c7ff997d6ccb500288e9c3eadf27dd6366e13c"
        },
        {
          "path": "manifest.php",
          "dir": false,
          "file": true,
          "perms": "0664",
          "size": 1284,
          "sha1": "d0456bd1b571c0bae4cabf9fedf0dfe68c525c5f"
        },
        {
          "path": "mobile.css",
          "dir": false,
          "file": true,
          "perms": "0664",
          "size": 19971,
          "sha1": "f62d65d05ec37420afa39f29ae0dfd19a4436c02"
        },
        {
          "path": "quantum_theme.png",
          "dir": false,
          "file": true,
          "perms": "0664",
          "size": 19613,
          "sha1": "4f72911e9b95faa5961ec7256f67880f82ba198d"
        },
        {
          "path": "theme.css",
          "dir": false,
          "file": true,
          "perms": "0664",
          "size": 34961,
          "sha1": "266450c46d88d2f5d7fb538783d5584bb1611401"
        },
        {
          "path": "images",
          "dir": true,
          "file": false,
          "perms": "0775",
          "size": 4096,
          "sha1": null
        },
        {
          "path": "images\/button.png",
          "dir": false,
          "file": true,
          "perms": "0664",
          "size": 147,
          "sha1": "6ea1c9c9cc1fffbeaae0e949ce32c4c404767d66"
        },
        {
          "path": "images\/transparent_bg.png",
          "dir": false,
          "file": true,
          "perms": "0664",
          "size": 105,
          "sha1": "8f45d64dae27f1253f1ff5ddb44b5cdec8351209"
        },
        {
          "path": "images\/wrapper_bg.png",
          "dir": false,
          "file": true,
          "perms": "0664",
          "size": 154,
          "sha1": "2e1daf0284a71d59af9aec5e4f404ad5905787c3"
        },
        {
          "path": "images\/comment_first_bg.png",
          "dir": false,
          "file": true,
          "perms": "0664",
          "size": 1241,
          "sha1": "69787f258f86c83079651cd6b4253c766fbd11ec"
        },
        {
          "path": "images\/button_hover.png",
          "dir": false,
          "file": true,
          "perms": "0664",
          "size": 118,
          "sha1": "92cd83993a994efa639bc3c2f3296177aacaf267"
        },
        {
          "path": "images\/header_bg.png",
          "dir": false,
          "file": true,
          "perms": "0664",
          "size": 22905,
          "sha1": "f7489022b045d3e9d271374290f133a705de406e"
        },
        {
          "path": "images\/widget_header_bg.png",
          "dir": false,
          "file": true,
          "perms": "0664",
          "size": 150,
          "sha1": "ab1b35464a39b960ba965c0bc1a4e48e9623ca8a"
        },
        {
          "path": "images\/mini_menu_bg.png",
          "dir": false,
          "file": true,
          "perms": "0664",
          "size": 121,
          "sha1": "648064ada07c5422bde9d55781bf54bad4c070aa"
        },
        {
          "path": "images\/foreground.png",
          "dir": false,
          "file": true,
          "perms": "0664",
          "size": 130,
          "sha1": "fe58807f59065de0ba80b595cacfbe999fc34443"
        },
        {
          "path": "images\/main_menu_bg.png",
          "dir": false,
          "file": true,
          "perms": "0664",
          "size": 150,
          "sha1": "c22da4d041efd35e43089fdb00b54fd1c5940eab"
        }
      ]
    }
  }
}