{
  "type": "theme",
  "name": "kandy-limeorange",
  "version": "4.8.5",
  "revision": "10267",
  "path": "application\/themes\/kandy-limeorange",
  "repository": null,
  "date": "Mon, 22 Jun 2015 17:06:09 +0000",
  "title": "Kandy Limeorange",
  "description": null,
  "thumb": "thumb.png",
  "developer": null,
  "authors": [
    "Webligo Developments"
  ],
  "changeLog": {
    "4.8.5": {
      "theme.css": "Display the submit button when flash is disabled",
      "manifest.php": "Incremented version"
    },
    "4.7.0": {
      "images\/*": "Optimized images",
      "manifest.php": "Incremented version"
    },
    "4.6.0": {
      "manifest.php": "Incremented version",
      "theme.css": "Fixed issue with user-select"
    }
  },
  "meta": {
    "date": "Mon, 22 Jun 2015 17:06:09 +0000",
    "title": "Kandy Limeorange",
    "description": null,
    "developer": null,
    "authors": [
      "Webligo Developments"
    ],
    "changeLog": null
  },
  "actions": [
    "install",
    "upgrade",
    "refresh",
    "remove"
  ],
  "callback": {
    "path": null,
    "class": "Engine_Package_Installer_Theme",
    "priority": 100
  },
  "dependencies": null,
  "tests": [
    
  ],
  "permissions": [
    
  ],
  "structure": {
    "application\/themes\/kandy-limeorange": {
      "type": "directory",
      "path": "application\/themes\/kandy-limeorange",
      "structure": [
        {
          "path": "constants.css",
          "dir": false,
          "file": true,
          "perms": "0664",
          "size": 6251,
          "sha1": "2dbb8d719e84b26ae3f7e2fbe8f505fe118581a7"
        },
        {
          "path": "manifest.php",
          "dir": false,
          "file": true,
          "perms": "0664",
          "size": 1415,
          "sha1": "be89d8f60a304acce1bedc9d34358fa9f373c88d"
        },
        {
          "path": "mobile.css",
          "dir": false,
          "file": true,
          "perms": "0664",
          "size": 19831,
          "sha1": "457080b3ebcbc1e08987191591a8adcc6debaaad"
        },
        {
          "path": "thumb.png",
          "dir": false,
          "file": true,
          "perms": "0664",
          "size": 3142,
          "sha1": "8a3d2b7acac593ed7a265fab9ccc15845dd1d9e7"
        },
        {
          "path": "theme.css",
          "dir": false,
          "file": true,
          "perms": "0664",
          "size": 31693,
          "sha1": "dbaa8cc033043f9f959489deffae268325ff8148"
        },
        {
          "path": "images",
          "dir": true,
          "file": false,
          "perms": "0775",
          "size": 4096,
          "sha1": null
        },
        {
          "path": "images\/icon_explore.png",
          "dir": false,
          "file": true,
          "perms": "0664",
          "size": 1255,
          "sha1": "dfb863ec87676f91bc315cf088d159bb8cb815ca"
        },
        {
          "path": "images\/widget_header_bg.png",
          "dir": false,
          "file": true,
          "perms": "0664",
          "size": 1213,
          "sha1": "579498af43ad543476b6a5cda6080a06d85cd34a"
        },
        {
          "path": "images\/home_btn.png",
          "dir": false,
          "file": true,
          "perms": "0664",
          "size": 2087,
          "sha1": "42583fe4e43dbd52ed386025e7b5a45adb62ef70"
        },
        {
          "path": "images\/arrow_bg.png",
          "dir": false,
          "file": true,
          "perms": "0664",
          "size": 1136,
          "sha1": "1a5f10f41b5ae745647c2a22da796b679dc2f5f6"
        },
        {
          "path": "images\/icon_search.png",
          "dir": false,
          "file": true,
          "perms": "0664",
          "size": 1504,
          "sha1": "ec58636e83f837156c69a8ba85b1f324a61880b1"
        },
        {
          "path": "images\/footer_bg.png",
          "dir": false,
          "file": true,
          "perms": "0664",
          "size": 921,
          "sha1": "2ad3249bf743fabc8ec3ef2de33f76af5ea1f7f1"
        },
        {
          "path": "images\/sep.png",
          "dir": false,
          "file": true,
          "perms": "0664",
          "size": 917,
          "sha1": "1e04a81bc2a1e1ad4316c78e5e36210342b7be19"
        }
      ]
    }
  }
}