{
  "type": "theme",
  "name": "digita",
  "version": "4.8.5",
  "revision": "10267",
  "path": "application\/themes\/digita",
  "repository": null,
  "date": "Mon, 22 Jun 2015 17:06:09 +0000",
  "title": "Digita",
  "description": null,
  "thumb": "digita.jpg",
  "developer": null,
  "authors": [
    "Webligo Developments"
  ],
  "changeLog": {
    "4.8.5": {
      "theme.css": "Display the submit button when flash is disabled",
      "manifest.php": "Incremented version"
    },
    "4.7.0": {
      "images\/*": "Optimized images",
      "manifest.php": "Incremented version"
    },
    "4.6.0": {
      "manifest.php": "Incremented version",
      "theme.css": "Fixed issue with user-select"
    },
    "4.2.0": {
      "manifest.php": "Incremented version",
      "theme.css": "Fixed issue with feed comment option list"
    },
    "4.1.8p1": {
      "manifest.php": "Incremented version",
      "theme.css": "Fixed issue with new pages in the layout editor"
    },
    "4.1.8": {
      "manifest.php": "Incremented version",
      "mobile.css": "Added styles for HTML5 input elements",
      "theme.css": "Added styles for HTML5 input elements"
    }
  },
  "meta": {
    "date": "Mon, 22 Jun 2015 17:06:09 +0000",
    "title": "Digita",
    "description": null,
    "developer": null,
    "authors": [
      "Webligo Developments"
    ],
    "changeLog": null
  },
  "actions": [
    "install",
    "upgrade",
    "refresh",
    "remove"
  ],
  "callback": {
    "path": null,
    "class": "Engine_Package_Installer_Theme",
    "priority": 100
  },
  "dependencies": null,
  "tests": [
    
  ],
  "permissions": [
    
  ],
  "structure": {
    "application\/themes\/digita": {
      "type": "directory",
      "path": "application\/themes\/digita",
      "structure": [
        {
          "path": "constants.css",
          "dir": false,
          "file": true,
          "perms": "0664",
          "size": 7435,
          "sha1": "1ce0e11b2b096cf5f831bfeedd4ba82bf4589a46"
        },
        {
          "path": "manifest.php",
          "dir": false,
          "file": true,
          "perms": "0664",
          "size": 1906,
          "sha1": "350668a09650187f20c80a0ce9c8d202f8cf87cf"
        },
        {
          "path": "mobile.css",
          "dir": false,
          "file": true,
          "perms": "0664",
          "size": 19428,
          "sha1": "97e9040b5e429710d29cd1f518b8cc37e4b27028"
        },
        {
          "path": "theme.css",
          "dir": false,
          "file": true,
          "perms": "0664",
          "size": 33788,
          "sha1": "281ff51a4dbb202fa4b79aa780f14558a7e59057"
        },
        {
          "path": "digita.jpg",
          "dir": false,
          "file": true,
          "perms": "0664",
          "size": 6174,
          "sha1": "c3bae724c7e1af87b7dcd5e93370cfd5c1983949"
        },
        {
          "path": "images",
          "dir": true,
          "file": false,
          "perms": "0775",
          "size": 4096,
          "sha1": null
        },
        {
          "path": "images\/d_header_bg.jpg",
          "dir": false,
          "file": true,
          "perms": "0664",
          "size": 5584,
          "sha1": "f8ac4fbd5d0cc6f59974b81ba09d5c744d6358b1"
        },
        {
          "path": "images\/d_middle_bg.jpg",
          "dir": false,
          "file": true,
          "perms": "0664",
          "size": 354,
          "sha1": "cfe21d85d4a0edbeb67e063fedd74edc5030371d"
        },
        {
          "path": "images\/d_tab_divider.jpg",
          "dir": false,
          "file": true,
          "perms": "0664",
          "size": 752,
          "sha1": "e55aa27f8b289704ce9056edf21859de2b8b1f73"
        },
        {
          "path": "images\/d_header_divider.jpg",
          "dir": false,
          "file": true,
          "perms": "0664",
          "size": 1994,
          "sha1": "607bb4b2fb75a6e4416da40efe3e656e1c112bf0"
        },
        {
          "path": "images\/d_button_bg.jpg",
          "dir": false,
          "file": true,
          "perms": "0664",
          "size": 302,
          "sha1": "91544f123088b68e615b3580bfcc930880f50095"
        },
        {
          "path": "images\/d_tab_divider2.jpg",
          "dir": false,
          "file": true,
          "perms": "0664",
          "size": 716,
          "sha1": "6a19b5fe3fb34da100fbd99127a077ffa6b9baed"
        },
        {
          "path": "images\/d_quicklink_bg.jpg",
          "dir": false,
          "file": true,
          "perms": "0664",
          "size": 318,
          "sha1": "b5c3b3c41f274308bab8a7048682b0b2c9b6d92b"
        },
        {
          "path": "images\/d_bg2.jpg",
          "dir": false,
          "file": true,
          "perms": "0664",
          "size": 11611,
          "sha1": "72bdd991b6120ffd6fb3f22ff5869f95ebad3c2c"
        },
        {
          "path": "images\/d_bg.jpg",
          "dir": false,
          "file": true,
          "perms": "0664",
          "size": 10679,
          "sha1": "af74b6a332ceb9dc81ab45e96eb72a3be2c3233f"
        }
      ]
    }
  }
}