{
  "type": "theme",
  "name": "quantum-gray",
  "version": "4.7.0",
  "revision": "10113",
  "path": "application\/themes\/quantum-gray",
  "repository": null,
  "date": "Mon, 22 Jun 2015 17:06:09 +0000",
  "title": "Quantum Gray",
  "description": null,
  "thumb": "quantum_theme.png",
  "developer": null,
  "authors": [
    "Webligo Developments"
  ],
  "changeLog": {
    "4.7.0": {
      "images\/*": "Optimized images",
      "manifest.php": "Incremented version"
    },
    "4.6.0": {
      "manifest.php": "Incremented version",
      "theme.css": "Fixed issue with user-select"
    }
  },
  "meta": {
    "date": "Mon, 22 Jun 2015 17:06:09 +0000",
    "title": "Quantum Gray",
    "description": null,
    "developer": null,
    "authors": [
      "Webligo Developments"
    ],
    "changeLog": null
  },
  "actions": [
    "install",
    "upgrade",
    "refresh",
    "remove"
  ],
  "callback": {
    "path": null,
    "class": "Engine_Package_Installer_Theme",
    "priority": 100
  },
  "dependencies": null,
  "tests": [
    
  ],
  "permissions": [
    
  ],
  "structure": {
    "application\/themes\/quantum-gray": {
      "type": "directory",
      "path": "application\/themes\/quantum-gray",
      "structure": [
        {
          "path": "constants.css",
          "dir": false,
          "file": true,
          "perms": "0664",
          "size": 7308,
          "sha1": "cd183c804857abb42090340e5593d7d3f29d25e6"
        },
        {
          "path": "manifest.php",
          "dir": false,
          "file": true,
          "perms": "0664",
          "size": 1284,
          "sha1": "add1fdbb490cfc6284ca10015e64a67076fbbf7f"
        },
        {
          "path": "mobile.css",
          "dir": false,
          "file": true,
          "perms": "0664",
          "size": 19967,
          "sha1": "36845950f18a6780a8d81a4588da59592e79451c"
        },
        {
          "path": "quantum_theme.png",
          "dir": false,
          "file": true,
          "perms": "0664",
          "size": 18769,
          "sha1": "ddafc8b5c9a9639d9f82b7ee78fe441f1edc484e"
        },
        {
          "path": "theme.css",
          "dir": false,
          "file": true,
          "perms": "0664",
          "size": 34933,
          "sha1": "beb651ee2a436f07e17fd7ccd9ceb8ddda26e6ea"
        },
        {
          "path": "images",
          "dir": true,
          "file": false,
          "perms": "0775",
          "size": 4096,
          "sha1": null
        },
        {
          "path": "images\/button.png",
          "dir": false,
          "file": true,
          "perms": "0664",
          "size": 122,
          "sha1": "30cffe876ba4def01a1c85e705beb34cbd110063"
        },
        {
          "path": "images\/transparent_bg.png",
          "dir": false,
          "file": true,
          "perms": "0664",
          "size": 105,
          "sha1": "8f45d64dae27f1253f1ff5ddb44b5cdec8351209"
        },
        {
          "path": "images\/wrapper_bg.png",
          "dir": false,
          "file": true,
          "perms": "0664",
          "size": 154,
          "sha1": "2e1daf0284a71d59af9aec5e4f404ad5905787c3"
        },
        {
          "path": "images\/comment_first_bg.png",
          "dir": false,
          "file": true,
          "perms": "0664",
          "size": 1241,
          "sha1": "69787f258f86c83079651cd6b4253c766fbd11ec"
        },
        {
          "path": "images\/button_hover.png",
          "dir": false,
          "file": true,
          "perms": "0664",
          "size": 119,
          "sha1": "ee02f3b95ec372bc7f1cc5bcb497edff248c4d67"
        },
        {
          "path": "images\/header_bg.png",
          "dir": false,
          "file": true,
          "perms": "0664",
          "size": 22905,
          "sha1": "f7489022b045d3e9d271374290f133a705de406e"
        },
        {
          "path": "images\/widget_header_bg.png",
          "dir": false,
          "file": true,
          "perms": "0664",
          "size": 120,
          "sha1": "146f4b83834362a3669c60a3282d272f64dee7e8"
        },
        {
          "path": "images\/mini_menu_bg.png",
          "dir": false,
          "file": true,
          "perms": "0664",
          "size": 121,
          "sha1": "648064ada07c5422bde9d55781bf54bad4c070aa"
        },
        {
          "path": "images\/foreground.png",
          "dir": false,
          "file": true,
          "perms": "0664",
          "size": 130,
          "sha1": "fe58807f59065de0ba80b595cacfbe999fc34443"
        },
        {
          "path": "images\/main_menu_bg.png",
          "dir": false,
          "file": true,
          "perms": "0664",
          "size": 123,
          "sha1": "88bb360cefd0bba3011e2e6df35799e8cd8e3554"
        }
      ]
    }
  }
}