{
  "type": "theme",
  "name": "bamboo",
  "version": "4.7.0",
  "revision": "10113",
  "path": "application\/themes\/bamboo",
  "repository": null,
  "date": "Mon, 22 Jun 2015 17:06:09 +0000",
  "title": "Bamboo",
  "description": null,
  "thumb": "bamboo_theme.jpg",
  "developer": null,
  "authors": [
    "Webligo Developments"
  ],
  "changeLog": {
    "4.7.0": {
      "images\/*": "Optimized images",
      "manifest.php": "Incremented version"
    },
    "4.6.0": {
      "manifest.php": "Incremented version",
      "theme.css": "Fixed issue with user-select"
    },
    "4.2.0": {
      "manifest.php": "Incremented version",
      "theme.css": "Fixed issue with feed comment option list"
    },
    "4.1.8p1": {
      "manifest.php": "Incremented version",
      "theme.css": "Fixed issue with new pages in the layout editor"
    },
    "4.1.8": {
      "manifest.php": "Incremented version",
      "mobile.css": "Added styles for HTML5 input elements",
      "theme.css": "Added styles for HTML5 input elements"
    },
    "4.1.4": {
      "manifest.php": "Incremented version",
      "mobile.css": "Added new type of stylesheet"
    },
    "4.0.2": {
      "manifest.php": "Incremented version; removed deprecated meta key"
    },
    "4.0.1": {
      "manifest.php": "Incremented version",
      "theme.css": "Uses fixed relative URL support in Scaffold"
    }
  },
  "meta": {
    "date": "Mon, 22 Jun 2015 17:06:09 +0000",
    "title": "Bamboo",
    "description": null,
    "developer": null,
    "authors": [
      "Webligo Developments"
    ],
    "changeLog": null
  },
  "actions": [
    "install",
    "upgrade",
    "refresh",
    "remove"
  ],
  "callback": {
    "path": null,
    "class": "Engine_Package_Installer_Theme",
    "priority": 100
  },
  "dependencies": null,
  "tests": [
    
  ],
  "permissions": [
    
  ],
  "structure": {
    "application\/themes\/bamboo": {
      "type": "directory",
      "path": "application\/themes\/bamboo",
      "structure": [
        {
          "path": "constants.css",
          "dir": false,
          "file": true,
          "perms": "0775",
          "size": 6509,
          "sha1": "96d049225f9d054c951b6d116d6cc8b4e51aa81b"
        },
        {
          "path": "manifest.php",
          "dir": false,
          "file": true,
          "perms": "0775",
          "size": 2156,
          "sha1": "b391c785a8e8b668ea5e613282a47e064c548a87"
        },
        {
          "path": "mobile.css",
          "dir": false,
          "file": true,
          "perms": "0664",
          "size": 18973,
          "sha1": "1af0bb249c608f70343b273881ac5f5d6a3b8575"
        },
        {
          "path": "bamboo_theme.jpg",
          "dir": false,
          "file": true,
          "perms": "0664",
          "size": 6011,
          "sha1": "4b8b956190d27babec19ba8b64ce181c55c89ba5"
        },
        {
          "path": "theme.css",
          "dir": false,
          "file": true,
          "perms": "0775",
          "size": 28862,
          "sha1": "7a76743dcc2ec29a5c6268074bca3572edd30cba"
        },
        {
          "path": "images",
          "dir": true,
          "file": false,
          "perms": "0775",
          "size": 4096,
          "sha1": null
        },
        {
          "path": "images\/button_bg.gif",
          "dir": false,
          "file": true,
          "perms": "0775",
          "size": 694,
          "sha1": "d79580619049097671d628568a3ec3b61dfd8099"
        },
        {
          "path": "images\/body_bg.gif",
          "dir": false,
          "file": true,
          "perms": "0775",
          "size": 1909,
          "sha1": "658e5c66ef8599d1a1668c1a24fcdad8443ed824"
        },
        {
          "path": "images\/stripes.gif",
          "dir": false,
          "file": true,
          "perms": "0775",
          "size": 1805,
          "sha1": "f80870c2455caad954036f65a7274b195c8b75c3"
        },
        {
          "path": "images\/search_icon.png",
          "dir": false,
          "file": true,
          "perms": "0664",
          "size": 259,
          "sha1": "842e82b92ef61b21b0f59f47e0f68a4f716a04a3"
        },
        {
          "path": "images\/button_bg2.gif",
          "dir": false,
          "file": true,
          "perms": "0664",
          "size": 694,
          "sha1": "93e62ff70f1111f1d19635a755f7dd222602359f"
        }
      ]
    }
  }
}