{
  "type": "theme",
  "name": "modern",
  "version": "4.7.0",
  "revision": "10113",
  "path": "application\/themes\/modern",
  "repository": null,
  "date": "Mon, 22 Jun 2015 17:06:09 +0000",
  "title": "Modern",
  "description": null,
  "thumb": "theme.jpg",
  "developer": null,
  "authors": [
    "Webligo Developments"
  ],
  "changeLog": {
    "4.7.0": {
      "images\/*": "Optimized images",
      "manifest.php": "Incremented version"
    },
    "4.6.0": {
      "manifest.php": "Incremented version",
      "theme.css": "Fixed issue with user-select"
    }
  },
  "meta": {
    "date": "Mon, 22 Jun 2015 17:06:09 +0000",
    "title": "Modern",
    "description": null,
    "developer": null,
    "authors": [
      "Webligo Developments"
    ],
    "changeLog": null
  },
  "actions": [
    "install",
    "upgrade",
    "refresh",
    "remove"
  ],
  "callback": {
    "path": null,
    "class": "Engine_Package_Installer_Theme",
    "priority": 100
  },
  "dependencies": null,
  "tests": [
    
  ],
  "permissions": [
    
  ],
  "structure": {
    "application\/themes\/modern": {
      "type": "directory",
      "path": "application\/themes\/modern",
      "structure": [
        {
          "path": "theme.jpg",
          "dir": false,
          "file": true,
          "perms": "0664",
          "size": 8903,
          "sha1": "58339f148546c354bac3f2d0cd555275dba01117"
        },
        {
          "path": "constants.css",
          "dir": false,
          "file": true,
          "perms": "0664",
          "size": 7903,
          "sha1": "233eee43235c1ed7e210beb55b35c443808a44e6"
        },
        {
          "path": "manifest.php",
          "dir": false,
          "file": true,
          "perms": "0664",
          "size": 1284,
          "sha1": "5b745318062d5c98ae9c955dd0f3fdacdeec0687"
        },
        {
          "path": "mobile.css",
          "dir": false,
          "file": true,
          "perms": "0664",
          "size": 21279,
          "sha1": "549064b9f99c4dc3c25308b34c6dde3fbe9fae62"
        },
        {
          "path": "theme.css",
          "dir": false,
          "file": true,
          "perms": "0664",
          "size": 48118,
          "sha1": "659d790ad6e215c98ad8a1380f26aba55ba32f78"
        },
        {
          "path": "images",
          "dir": true,
          "file": false,
          "perms": "0775",
          "size": 4096,
          "sha1": null
        },
        {
          "path": "images\/topbar_menu_bg.png",
          "dir": false,
          "file": true,
          "perms": "0664",
          "size": 170,
          "sha1": "565dda63d0039d02852e14ef58766797f25ee2f7"
        },
        {
          "path": "images\/buttonbg.png",
          "dir": false,
          "file": true,
          "perms": "0664",
          "size": 105,
          "sha1": "bfbe9d72ee9861006d0538d7a4c9d9c3e0ebc6c4"
        },
        {
          "path": "images\/bullet_active.png",
          "dir": false,
          "file": true,
          "perms": "0664",
          "size": 173,
          "sha1": "7eab9cf04e67034273d6532fe89a47ae58445e2f"
        },
        {
          "path": "images\/topbar_bg.png",
          "dir": false,
          "file": true,
          "perms": "0664",
          "size": 13285,
          "sha1": "189deb8f84195b62aa20afb1c9433503cf44534f"
        },
        {
          "path": "images\/bullet_hover.png",
          "dir": false,
          "file": true,
          "perms": "0664",
          "size": 179,
          "sha1": "932a55bc938965bc94a48ea2a7d540a0e35dccaf"
        },
        {
          "path": "images\/bullet.png",
          "dir": false,
          "file": true,
          "perms": "0664",
          "size": 177,
          "sha1": "88d5bbc5e895b976c41778c8eb37eb456b84908c"
        }
      ]
    }
  }
}