{
  "type": "theme",
  "name": "quantum-blue",
  "version": "4.7.0",
  "revision": "10113",
  "path": "application\/themes\/quantum-blue",
  "repository": null,
  "date": "Mon, 22 Jun 2015 17:06:09 +0000",
  "title": "Quantum Blue",
  "description": null,
  "thumb": "quantum_theme.png",
  "developer": null,
  "authors": [
    "Webligo Developments"
  ],
  "changeLog": {
    "4.7.0": {
      "images\/*": "Optimized images",
      "manifest.php": "Incremented version"
    },
    "4.6.0": {
      "manifest.php": "Incremented version",
      "theme.css": "Fixed issue with user-select"
    }
  },
  "meta": {
    "date": "Mon, 22 Jun 2015 17:06:09 +0000",
    "title": "Quantum Blue",
    "description": null,
    "developer": null,
    "authors": [
      "Webligo Developments"
    ],
    "changeLog": null
  },
  "actions": [
    "install",
    "upgrade",
    "refresh",
    "remove"
  ],
  "callback": {
    "path": null,
    "class": "Engine_Package_Installer_Theme",
    "priority": 100
  },
  "dependencies": null,
  "tests": [
    
  ],
  "permissions": [
    
  ],
  "structure": {
    "application\/themes\/quantum-blue": {
      "type": "directory",
      "path": "application\/themes\/quantum-blue",
      "structure": [
        {
          "path": "constants.css",
          "dir": false,
          "file": true,
          "perms": "0664",
          "size": 7314,
          "sha1": "f4cee69c075a015e71c0a5041d742298d8c05e16"
        },
        {
          "path": "manifest.php",
          "dir": false,
          "file": true,
          "perms": "0664",
          "size": 1285,
          "sha1": "ccffa8878ac5a984094d3aeef10324afcac8e7bd"
        },
        {
          "path": "mobile.css",
          "dir": false,
          "file": true,
          "perms": "0664",
          "size": 19967,
          "sha1": "8f0d9d9cf7f34656355cc3761899dddc06823426"
        },
        {
          "path": "quantum_theme.png",
          "dir": false,
          "file": true,
          "perms": "0664",
          "size": 19483,
          "sha1": "bfb24549864614ec97eee09e13693b0ea9ae854f"
        },
        {
          "path": "theme.css",
          "dir": false,
          "file": true,
          "perms": "0664",
          "size": 34883,
          "sha1": "6500c90ca26246f80b7523eeb7f95f34b12db8b1"
        },
        {
          "path": "images",
          "dir": true,
          "file": false,
          "perms": "0775",
          "size": 4096,
          "sha1": null
        },
        {
          "path": "images\/button.png",
          "dir": false,
          "file": true,
          "perms": "0664",
          "size": 152,
          "sha1": "0a4f9925e2511aeafe9f78e26d7868f736c4488c"
        },
        {
          "path": "images\/transparent_bg.png",
          "dir": false,
          "file": true,
          "perms": "0664",
          "size": 105,
          "sha1": "8f45d64dae27f1253f1ff5ddb44b5cdec8351209"
        },
        {
          "path": "images\/wrapper_bg.png",
          "dir": false,
          "file": true,
          "perms": "0664",
          "size": 154,
          "sha1": "2e1daf0284a71d59af9aec5e4f404ad5905787c3"
        },
        {
          "path": "images\/comment_first_bg.png",
          "dir": false,
          "file": true,
          "perms": "0664",
          "size": 1241,
          "sha1": "69787f258f86c83079651cd6b4253c766fbd11ec"
        },
        {
          "path": "images\/button_hover.png",
          "dir": false,
          "file": true,
          "perms": "0664",
          "size": 119,
          "sha1": "97524ba50a7c8e2b6adea28dbc56034702a6709a"
        },
        {
          "path": "images\/header_bg.png",
          "dir": false,
          "file": true,
          "perms": "0664",
          "size": 22905,
          "sha1": "f7489022b045d3e9d271374290f133a705de406e"
        },
        {
          "path": "images\/widget_header_bg.png",
          "dir": false,
          "file": true,
          "perms": "0664",
          "size": 153,
          "sha1": "c875a03141ee97363a8c7a34fe0faf66d4adf46c"
        },
        {
          "path": "images\/mini_menu_bg.png",
          "dir": false,
          "file": true,
          "perms": "0664",
          "size": 121,
          "sha1": "648064ada07c5422bde9d55781bf54bad4c070aa"
        },
        {
          "path": "images\/foreground.png",
          "dir": false,
          "file": true,
          "perms": "0664",
          "size": 130,
          "sha1": "fe58807f59065de0ba80b595cacfbe999fc34443"
        },
        {
          "path": "images\/main_menu_bg.png",
          "dir": false,
          "file": true,
          "perms": "0664",
          "size": 147,
          "sha1": "b2b98824f2108a0c3303dfc578ef999dba25a413"
        }
      ]
    }
  }
}