{
  "type": "theme",
  "name": "kandy-cappuccino",
  "version": "4.8.5",
  "revision": "10267",
  "path": "application\/themes\/kandy-cappuccino",
  "repository": null,
  "date": "Mon, 22 Jun 2015 17:06:09 +0000",
  "title": "Kandy Cappuccino",
  "description": null,
  "thumb": "thumb.png",
  "developer": null,
  "authors": [
    "Webligo Developments"
  ],
  "changeLog": {
    "4.8.5": {
      "theme.css": "Display the submit button when flash is disabled",
      "manifest.php": "Incremented version"
    },
    "4.7.0": {
      "images\/*": "Optimized images",
      "manifest.php": "Incremented version"
    },
    "4.6.0": {
      "manifest.php": "Incremented version",
      "theme.css": "Fixed issue with user-select"
    }
  },
  "meta": {
    "date": "Mon, 22 Jun 2015 17:06:09 +0000",
    "title": "Kandy Cappuccino",
    "description": null,
    "developer": null,
    "authors": [
      "Webligo Developments"
    ],
    "changeLog": null
  },
  "actions": [
    "install",
    "upgrade",
    "refresh",
    "remove"
  ],
  "callback": {
    "path": null,
    "class": "Engine_Package_Installer_Theme",
    "priority": 100
  },
  "dependencies": null,
  "tests": [
    
  ],
  "permissions": [
    
  ],
  "structure": {
    "application\/themes\/kandy-cappuccino": {
      "type": "directory",
      "path": "application\/themes\/kandy-cappuccino",
      "structure": [
        {
          "path": "constants.css",
          "dir": false,
          "file": true,
          "perms": "0664",
          "size": 6251,
          "sha1": "cd4a690045a6c006b5b5d9f550f5b09c46d9d3ca"
        },
        {
          "path": "manifest.php",
          "dir": false,
          "file": true,
          "perms": "0664",
          "size": 1415,
          "sha1": "bdd384fe55f655928b9685f9adf5c7fafadfb2cf"
        },
        {
          "path": "mobile.css",
          "dir": false,
          "file": true,
          "perms": "0664",
          "size": 19831,
          "sha1": "457080b3ebcbc1e08987191591a8adcc6debaaad"
        },
        {
          "path": "thumb.png",
          "dir": false,
          "file": true,
          "perms": "0664",
          "size": 2995,
          "sha1": "448917a46ff115f721613bbf649989891de99066"
        },
        {
          "path": "theme.css",
          "dir": false,
          "file": true,
          "perms": "0664",
          "size": 31693,
          "sha1": "c47a462eadcc03aa47c3b98a9ba99b71e59fccab"
        },
        {
          "path": "images",
          "dir": true,
          "file": false,
          "perms": "0775",
          "size": 4096,
          "sha1": null
        },
        {
          "path": "images\/icon_explore.png",
          "dir": false,
          "file": true,
          "perms": "0664",
          "size": 1255,
          "sha1": "dfb863ec87676f91bc315cf088d159bb8cb815ca"
        },
        {
          "path": "images\/widget_header_bg.png",
          "dir": false,
          "file": true,
          "perms": "0664",
          "size": 1213,
          "sha1": "da8c8e2e081a733e2633b7c564bf222ee7b06774"
        },
        {
          "path": "images\/home_btn.png",
          "dir": false,
          "file": true,
          "perms": "0664",
          "size": 2067,
          "sha1": "70e2e2d0efc37280cec27d0adfefed2a249796a3"
        },
        {
          "path": "images\/arrow_bg.png",
          "dir": false,
          "file": true,
          "perms": "0664",
          "size": 1139,
          "sha1": "b4ef978be54ae533374ab84a4394bc291262078e"
        },
        {
          "path": "images\/icon_search.png",
          "dir": false,
          "file": true,
          "perms": "0664",
          "size": 1471,
          "sha1": "656c2cbbce78658de40efc7e852368d488f4dba4"
        },
        {
          "path": "images\/footer_bg.png",
          "dir": false,
          "file": true,
          "perms": "0664",
          "size": 921,
          "sha1": "2ad3249bf743fabc8ec3ef2de33f76af5ea1f7f1"
        },
        {
          "path": "images\/sep.png",
          "dir": false,
          "file": true,
          "perms": "0664",
          "size": 917,
          "sha1": "1e04a81bc2a1e1ad4316c78e5e36210342b7be19"
        }
      ]
    }
  }
}